order,media_id,sample_token,image_path,image_sha256,group_key,event_label,stratum
1,IMG_007533,b3edf02484db2aa4b758c813ee19476939beb85f20b3fabec56e017e89d3de0c,/home/yanbo/net_vlm_xunjian_dataset/00_raw/ai_generated/images/20260902_ai_generated_parking_order_violation_pov_b1_397/IMG_007533.png,b3edf02484db2aa4b758c813ee19476939beb85f20b3fabec56e017e89d3de0c,p01-outside-legal-bay-clear,positive,positive_p01
2,IMG_007556,2d2c27149d5340b1810e71d7ee266ee662e9162fd33fe39a3b00327c6216efce,/home/yanbo/net_vlm_xunjian_dataset/00_raw/ai_generated/images/20260902_ai_generated_parking_order_violation_pov_b1_397/IMG_007556.png,2d2c27149d5340b1810e71d7ee266ee662e9162fd33fe39a3b00327c6216efce,p01-outside-legal-bay-clear,positive,positive_p01
3,IMG_007524,262716fe416364a2a3c92434537b2182f1149ccca9ca2e6ec445c234da511fb1,/home/yanbo/net_vlm_xunjian_dataset/00_raw/ai_generated/images/20260902_ai_generated_parking_order_violation_pov_b1_397/IMG_007524.png,262716fe416364a2a3c92434537b2182f1149ccca9ca2e6ec445c234da511fb1,p01-outside-legal-bay-clear,positive,positive_p01
4,IMG_007542,627b93eb15fe18566af3499d9d1ff1b99458e8874451f36528b821f06c5388d6,/home/yanbo/net_vlm_xunjian_dataset/00_raw/ai_generated/images/20260902_ai_generated_parking_order_violation_pov_b1_397/IMG_007542.png,627b93eb15fe18566af3499d9d1ff1b99458e8874451f36528b821f06c5388d6,p01-outside-legal-bay-clear,positive,positive_p01
5,IMG_007535,482bb14355c7906d97f027b7b4309cc0c5dc1ebcee2645df1107d5cb418869ac,/home/yanbo/net_vlm_xunjian_dataset/00_raw/ai_generated/images/20260902_ai_generated_parking_order_violation_pov_b1_397/IMG_007535.png,482bb14355c7906d97f027b7b4309cc0c5dc1ebcee2645df1107d5cb418869ac,p01-outside-legal-bay-clear,positive,positive_p01
6,IMG_007530,b8507d3968990975963936bd9112c102ea91f8d6ee5f6860c382f3534920506f,/home/yanbo/net_vlm_xunjian_dataset/00_raw/ai_generated/images/20260902_ai_generated_parking_order_violation_pov_b1_397/IMG_007530.png,b8507d3968990975963936bd9112c102ea91f8d6ee5f6860c382f3534920506f,p01-outside-legal-bay-clear,positive,positive_p01
7,IMG_007534,47bbb813df0ec3ddce5ccabf718efd3f8ff1525ca077bf9e3b506dbd04783656,/home/yanbo/net_vlm_xunjian_dataset/00_raw/ai_generated/images/20260902_ai_generated_parking_order_violation_pov_b1_397/IMG_007534.png,47bbb813df0ec3ddce5ccabf718efd3f8ff1525ca077bf9e3b506dbd04783656,p01-outside-legal-bay-clear,positive,positive_p01
8,IMG_007536,ff8320b9fa229dbe4fb3bf943b793c1800c1922365781e5ddd47404f7e84c780,/home/yanbo/net_vlm_xunjian_dataset/00_raw/ai_generated/images/20260902_ai_generated_parking_order_violation_pov_b1_397/IMG_007536.png,ff8320b9fa229dbe4fb3bf943b793c1800c1922365781e5ddd47404f7e84c780,p01-outside-legal-bay-clear,positive,positive_p01
9,IMG_007529,ce0389699c20b59dc2543bc4de4bd409bd193a120353c152ccde3a99a4770d07,/home/yanbo/net_vlm_xunjian_dataset/00_raw/ai_generated/images/20260902_ai_generated_parking_order_violation_pov_b1_397/IMG_007529.png,ce0389699c20b59dc2543bc4de4bd409bd193a120353c152ccde3a99a4770d07,p01-outside-legal-bay-clear,positive,positive_p01
10,IMG_007551,3e649fb425db485aa2a92f42b71d46d2e1097e1060eacd886961c437d05915cc,/home/yanbo/net_vlm_xunjian_dataset/00_raw/ai_generated/images/20260902_ai_generated_parking_order_violation_pov_b1_397/IMG_007551.png,3e649fb425db485aa2a92f42b71d46d2e1097e1060eacd886961c437d05915cc,p01-outside-legal-bay-clear,positive,positive_p01
11,IMG_007612,b53ab51e67c6e4ca7a8e02874469dc3c0b7563c0d08cf91ec0c0e9c0d18f0af1,/home/yanbo/net_vlm_xunjian_dataset/00_raw/ai_generated/images/20260902_ai_generated_parking_order_violation_pov_b1_397/IMG_007612.png,b53ab51e67c6e4ca7a8e02874469dc3c0b7563c0d08cf91ec0c0e9c0d18f0af1,p03-span-two-bays,positive,positive_p03
12,IMG_007602,98386e15dc5ef41f7e2573e8e5048834d0a4205aa29fc88875d3601fde598d34,/home/yanbo/net_vlm_xunjian_dataset/00_raw/ai_generated/images/20260902_ai_generated_parking_order_violation_pov_b1_397/IMG_007602.png,98386e15dc5ef41f7e2573e8e5048834d0a4205aa29fc88875d3601fde598d34,p03-span-two-bays,positive,positive_p03
13,IMG_007617,bb9f96e8a24c76741e99cbcfb0bb0bbec45c15a731eb4003a50a8b49fc72be18,/home/yanbo/net_vlm_xunjian_dataset/00_raw/ai_generated/images/20260902_ai_generated_parking_order_violation_pov_b1_397/IMG_007617.png,bb9f96e8a24c76741e99cbcfb0bb0bbec45c15a731eb4003a50a8b49fc72be18,p03-span-two-bays,positive,positive_p03
14,IMG_007608,df6ffb2e8589f7942fa241c23f9e218430e62660aeac09d6575dbe50a0f14bfe,/home/yanbo/net_vlm_xunjian_dataset/00_raw/ai_generated/images/20260902_ai_generated_parking_order_violation_pov_b1_397/IMG_007608.png,df6ffb2e8589f7942fa241c23f9e218430e62660aeac09d6575dbe50a0f14bfe,p03-span-two-bays,positive,positive_p03
15,IMG_007620,aa1a054f53554e3cef1dab60604b3bca6011e95d443b5f78d604cf4babcdd374,/home/yanbo/net_vlm_xunjian_dataset/00_raw/ai_generated/images/20260902_ai_generated_parking_order_violation_pov_b1_397/IMG_007620.png,aa1a054f53554e3cef1dab60604b3bca6011e95d443b5f78d604cf4babcdd374,p03-span-two-bays,positive,positive_p03
16,IMG_007621,eb6200cb0efdaaac1b287d90fdf2a072c34eef2b48f330970cc61c1227f35846,/home/yanbo/net_vlm_xunjian_dataset/00_raw/ai_generated/images/20260902_ai_generated_parking_order_violation_pov_b1_397/IMG_007621.png,eb6200cb0efdaaac1b287d90fdf2a072c34eef2b48f330970cc61c1227f35846,p03-span-two-bays,positive,positive_p03
17,IMG_007599,b7394782827a2372ed408429b1a7339ece7e7f20b9430d4f004e813f883cb25b,/home/yanbo/net_vlm_xunjian_dataset/00_raw/ai_generated/images/20260902_ai_generated_parking_order_violation_pov_b1_397/IMG_007599.png,b7394782827a2372ed408429b1a7339ece7e7f20b9430d4f004e813f883cb25b,p03-span-two-bays,positive,positive_p03
18,IMG_007615,5eaac191f6729fbb18f737c783ad7bb3124a9e7f06cb80f33e551e64c84e8641,/home/yanbo/net_vlm_xunjian_dataset/00_raw/ai_generated/images/20260902_ai_generated_parking_order_violation_pov_b1_397/IMG_007615.png,5eaac191f6729fbb18f737c783ad7bb3124a9e7f06cb80f33e551e64c84e8641,p03-span-two-bays,positive,positive_p03
19,IMG_007610,16cf61f70daa8b8dbc7c1432b2ce9dad8e9d6bf9e68bcbd068f50e8368f872e6,/home/yanbo/net_vlm_xunjian_dataset/00_raw/ai_generated/images/20260902_ai_generated_parking_order_violation_pov_b1_397/IMG_007610.png,16cf61f70daa8b8dbc7c1432b2ce9dad8e9d6bf9e68bcbd068f50e8368f872e6,p03-span-two-bays,positive,positive_p03
20,IMG_007598,3187844b1789cf8fd2e859424b78e02d7d817e0a8d2ac2a9954625abfc217217,/home/yanbo/net_vlm_xunjian_dataset/00_raw/ai_generated/images/20260902_ai_generated_parking_order_violation_pov_b1_397/IMG_007598.png,3187844b1789cf8fd2e859424b78e02d7d817e0a8d2ac2a9954625abfc217217,p03-span-two-bays,positive,positive_p03
21,IMG_007569,ecfa27073d391aeeac4957a3822e2ff300811817ea8e48e2ea812c2c63a9e1a2,/home/yanbo/net_vlm_xunjian_dataset/00_raw/ai_generated/images/20260902_ai_generated_parking_order_violation_pov_b1_397/IMG_007569.png,ecfa27073d391aeeac4957a3822e2ff300811817ea8e48e2ea812c2c63a9e1a2,p02-cross-single-boundary-line,positive,positive_other
22,IMG_007634,a78e65dd12331a2134dfdd5400b7e3b4ae70c229265bd8be27b66107f2629770,/home/yanbo/net_vlm_xunjian_dataset/00_raw/ai_generated/images/20260902_ai_generated_parking_order_violation_pov_b1_397/IMG_007634.png,a78e65dd12331a2134dfdd5400b7e3b4ae70c229265bd8be27b66107f2629770,p04-angled-footprint-outside,positive,positive_other
23,IMG_007559,f2f4a8a8e9595db41a6d5815025c881c8b22b1e0d0e04ac8822528f6c4a76b7c,/home/yanbo/net_vlm_xunjian_dataset/00_raw/ai_generated/images/20260902_ai_generated_parking_order_violation_pov_b1_397/IMG_007559.png,f2f4a8a8e9595db41a6d5815025c881c8b22b1e0d0e04ac8822528f6c4a76b7c,p02-cross-single-boundary-line,positive,positive_other
24,IMG_007574,28e02888b85aa891b489e8211bb38f061b38ff272a51ccbe836082eaa40e9f14,/home/yanbo/net_vlm_xunjian_dataset/00_raw/ai_generated/images/20260902_ai_generated_parking_order_violation_pov_b1_397/IMG_007574.png,28e02888b85aa891b489e8211bb38f061b38ff272a51ccbe836082eaa40e9f14,p02-cross-single-boundary-line,positive,positive_other
25,IMG_007650,707813ea7a7b2f00c73a07b4bda1a6467a0e6390bba6dfa883b1831d9dbd2739,/home/yanbo/net_vlm_xunjian_dataset/00_raw/ai_generated/images/20260902_ai_generated_parking_order_violation_pov_b1_397/IMG_007650.png,707813ea7a7b2f00c73a07b4bda1a6467a0e6390bba6dfa883b1831d9dbd2739,p05-multi-vehicle-at-least-one-violation,positive,positive_other
26,IMG_007570,564f57abeb11621386bd15d9a8794853f850271391be84a01e64d35f42eb0181,/home/yanbo/net_vlm_xunjian_dataset/00_raw/ai_generated/images/20260902_ai_generated_parking_order_violation_pov_b1_397/IMG_007570.png,564f57abeb11621386bd15d9a8794853f850271391be84a01e64d35f42eb0181,p02-cross-single-boundary-line,positive,positive_other
27,IMG_007625,e7c7bd212781804936bff65cc7ed0cad0a653f2cc430b564913ce69b616d3a36,/home/yanbo/net_vlm_xunjian_dataset/00_raw/ai_generated/images/20260902_ai_generated_parking_order_violation_pov_b1_397/IMG_007625.png,e7c7bd212781804936bff65cc7ed0cad0a653f2cc430b564913ce69b616d3a36,p04-angled-footprint-outside,positive,positive_other
28,IMG_007587,a5eabf71d9edeb0740a2ed71d633037bd5cf4d9ee9c1375fdf9c7f513837f74d,/home/yanbo/net_vlm_xunjian_dataset/00_raw/ai_generated/images/20260902_ai_generated_parking_order_violation_pov_b1_397/IMG_007587.png,a5eabf71d9edeb0740a2ed71d633037bd5cf4d9ee9c1375fdf9c7f513837f74d,p02-cross-single-boundary-line,positive,positive_other
29,IMG_007658,b342ab3fa54b278ed3df9f1422768a78ef039394c61b9e83f29c4ed8df3c5e92,/home/yanbo/net_vlm_xunjian_dataset/00_raw/ai_generated/images/20260902_ai_generated_parking_order_violation_pov_b1_397/IMG_007658.png,b342ab3fa54b278ed3df9f1422768a78ef039394c61b9e83f29c4ed8df3c5e92,p05-multi-vehicle-at-least-one-violation,positive,positive_other
30,IMG_007633,e10f3551915ec8663fee19a9e40c0f7bdb5e4d479c02b5f0677ae1ab75898e53,/home/yanbo/net_vlm_xunjian_dataset/00_raw/ai_generated/images/20260902_ai_generated_parking_order_violation_pov_b1_397/IMG_007633.png,e10f3551915ec8663fee19a9e40c0f7bdb5e4d479c02b5f0677ae1ab75898e53,p04-angled-footprint-outside,positive,positive_other
31,IMG_007450,dfcabcaf60309258982b2f14a2079537b4c0d67d831f2d2bd838649f9c4cbfca,/home/yanbo/net_vlm_xunjian_dataset/00_raw/ai_generated/images/20260902_ai_generated_parking_order_violation_pov_b1_397/IMG_007450.png,dfcabcaf60309258982b2f14a2079537b4c0d67d831f2d2bd838649f9c4cbfca,n02-close-to-line-but-inside,negative,negative_ordinary
32,IMG_007446,c2cfddc197039dca12b375eeeeda2d13fa5d17adfd43ebabcb883f11bb8f3b53,/home/yanbo/net_vlm_xunjian_dataset/00_raw/ai_generated/images/20260902_ai_generated_parking_order_violation_pov_b1_397/IMG_007446.png,c2cfddc197039dca12b375eeeeda2d13fa5d17adfd43ebabcb883f11bb8f3b53,n02-close-to-line-but-inside,negative,negative_ordinary
33,IMG_007453,8cd0d7dbbfacc8107b3c0b0245ce596d043193825b3be2e639fac4f2886f4a32,/home/yanbo/net_vlm_xunjian_dataset/00_raw/ai_generated/images/20260902_ai_generated_parking_order_violation_pov_b1_397/IMG_007453.png,8cd0d7dbbfacc8107b3c0b0245ce596d043193825b3be2e639fac4f2886f4a32,n02-close-to-line-but-inside,negative,negative_ordinary
34,IMG_007405,b35e008ae423a47a7ee5d2d61fc6aeea77f15be5c1fea62fa4fe74fdd8c5a905,/home/yanbo/net_vlm_xunjian_dataset/00_raw/ai_generated/images/20260902_ai_generated_parking_order_violation_pov_b1_397/IMG_007405.png,b35e008ae423a47a7ee5d2d61fc6aeea77f15be5c1fea62fa4fe74fdd8c5a905,n01-standard-inside-bay,negative,negative_ordinary
35,IMG_007445,e2488304c57c05fbeb2bec2ee0ba020cc4af5b8c577da633a862d5593d40a598,/home/yanbo/net_vlm_xunjian_dataset/00_raw/ai_generated/images/20260902_ai_generated_parking_order_violation_pov_b1_397/IMG_007445.png,e2488304c57c05fbeb2bec2ee0ba020cc4af5b8c577da633a862d5593d40a598,n02-close-to-line-but-inside,negative,negative_ordinary
36,IMG_007435,cddfdcb5f1820caf15f7f727e9f73b9a436da73f8b957ed5939e82be872ac0cd,/home/yanbo/net_vlm_xunjian_dataset/00_raw/ai_generated/images/20260902_ai_generated_parking_order_violation_pov_b1_397/IMG_007435.png,cddfdcb5f1820caf15f7f727e9f73b9a436da73f8b957ed5939e82be872ac0cd,n02-close-to-line-but-inside,negative,negative_ordinary
37,IMG_007425,76812f06edf5e1ac60c11bbec63e9ecc66186ce805ccb42639352654016799a2,/home/yanbo/net_vlm_xunjian_dataset/00_raw/ai_generated/images/20260902_ai_generated_parking_order_violation_pov_b1_397/IMG_007425.png,76812f06edf5e1ac60c11bbec63e9ecc66186ce805ccb42639352654016799a2,n01-standard-inside-bay,negative,negative_ordinary
38,IMG_007428,b137d0b13f111b6ef733e7f324ec62206ba6b93a1f94d72f76f4d186f9475376,/home/yanbo/net_vlm_xunjian_dataset/00_raw/ai_generated/images/20260902_ai_generated_parking_order_violation_pov_b1_397/IMG_007428.png,b137d0b13f111b6ef733e7f324ec62206ba6b93a1f94d72f76f4d186f9475376,n01-standard-inside-bay,negative,negative_ordinary
39,IMG_007404,fd620718986af31c5d6919dcdac1b8afacf698dc1b3e72a1bf1755d7e1186959,/home/yanbo/net_vlm_xunjian_dataset/00_raw/ai_generated/images/20260902_ai_generated_parking_order_violation_pov_b1_397/IMG_007404.png,fd620718986af31c5d6919dcdac1b8afacf698dc1b3e72a1bf1755d7e1186959,n01-standard-inside-bay,negative,negative_ordinary
40,IMG_007413,964cb2b1c0aa78e862c2463199ceb11e2c5d71d150972a4c8ad8fbcaa21c3c93,/home/yanbo/net_vlm_xunjian_dataset/00_raw/ai_generated/images/20260902_ai_generated_parking_order_violation_pov_b1_397/IMG_007413.png,964cb2b1c0aa78e862c2463199ceb11e2c5d71d150972a4c8ad8fbcaa21c3c93,n01-standard-inside-bay,negative,negative_ordinary
41,IMG_007361,dac89cc4e5fe23b0cfce2ba0ea50484551bf9d03fae59a3d57e70a2f140b36c5,/home/yanbo/net_vlm_xunjian_dataset/00_raw/ai_generated/images/20260902_ai_generated_parking_order_violation_pov_b1_397/IMG_007361.png,dac89cc4e5fe23b0cfce2ba0ea50484551bf9d03fae59a3d57e70a2f140b36c5,hn03-perspective-looks-like-crossing,negative,negative_hard
42,IMG_007392,09f6d8c971bcafdb24b6dd32111a4ef16ea4a68175d113c31dc3d2a71382cf56,/home/yanbo/net_vlm_xunjian_dataset/00_raw/ai_generated/images/20260902_ai_generated_parking_order_violation_pov_b1_397/IMG_007392.png,09f6d8c971bcafdb24b6dd32111a4ef16ea4a68175d113c31dc3d2a71382cf56,hn06-shadows-cracks-curbs-mimic-lines,negative,negative_hard
43,IMG_007359,0f858350645bfb2da417651c472e17674c7e73c3c3fc5e7beb11ad38569e2cb7,/home/yanbo/net_vlm_xunjian_dataset/00_raw/ai_generated/images/20260902_ai_generated_parking_order_violation_pov_b1_397/IMG_007359.png,0f858350645bfb2da417651c472e17674c7e73c3c3fc5e7beb11ad38569e2cb7,hn02-faded-lines-but-confirmably-inside,negative,negative_hard
44,IMG_007397,cbbc4a2ec266a774d09455e1511e71b9f1ba203a0762ea6dcee93105c5efb4ef,/home/yanbo/net_vlm_xunjian_dataset/00_raw/ai_generated/images/20260902_ai_generated_parking_order_violation_pov_b1_397/IMG_007397.png,cbbc4a2ec266a774d09455e1511e71b9f1ba203a0762ea6dcee93105c5efb4ef,hn06-shadows-cracks-curbs-mimic-lines,negative,negative_hard
45,IMG_007350,0672e381842b11cab5742c519c87268fe09f29ffd958853831362eeb430087f3,/home/yanbo/net_vlm_xunjian_dataset/00_raw/ai_generated/images/20260902_ai_generated_parking_order_violation_pov_b1_397/IMG_007350.png,0672e381842b11cab5742c519c87268fe09f29ffd958853831362eeb430087f3,hn02-faded-lines-but-confirmably-inside,negative,negative_hard
46,IMG_007396,644abcee17bedddc5b57b7e2f6241d7bdcafd6870043073405879da1936fa2c4,/home/yanbo/net_vlm_xunjian_dataset/00_raw/ai_generated/images/20260902_ai_generated_parking_order_violation_pov_b1_397/IMG_007396.png,644abcee17bedddc5b57b7e2f6241d7bdcafd6870043073405879da1936fa2c4,hn06-shadows-cracks-curbs-mimic-lines,negative,negative_hard
47,IMG_007376,ca827918de8d22c0cd591284451d6fc435086c824b0a17cac917152375f24cc5,/home/yanbo/net_vlm_xunjian_dataset/00_raw/ai_generated/images/20260902_ai_generated_parking_order_violation_pov_b1_397/IMG_007376.png,ca827918de8d22c0cd591284451d6fc435086c824b0a17cac917152375f24cc5,hn04-large-vehicle-compliant,negative,negative_hard
48,IMG_007366,593d8263187ce69bbf907e1d7bb14d028b7d586c5be1af698ee48a55bd8193a1,/home/yanbo/net_vlm_xunjian_dataset/00_raw/ai_generated/images/20260902_ai_generated_parking_order_violation_pov_b1_397/IMG_007366.png,593d8263187ce69bbf907e1d7bb14d028b7d586c5be1af698ee48a55bd8193a1,hn03-perspective-looks-like-crossing,negative,negative_hard
49,IMG_007354,a8688c9c1fb67525739440f7aa807d334a19e396e1e02bd23d926351452d5ca5,/home/yanbo/net_vlm_xunjian_dataset/00_raw/ai_generated/images/20260902_ai_generated_parking_order_violation_pov_b1_397/IMG_007354.png,a8688c9c1fb67525739440f7aa807d334a19e396e1e02bd23d926351452d5ca5,hn02-faded-lines-but-confirmably-inside,negative,negative_hard
50,IMG_007387,3d7af2dd16e3c80712898605dc1af8d3b352f2dea87631ddd195fa829166d796,/home/yanbo/net_vlm_xunjian_dataset/00_raw/ai_generated/images/20260902_ai_generated_parking_order_violation_pov_b1_397/IMG_007387.png,3d7af2dd16e3c80712898605dc1af8d3b352f2dea87631ddd195fa829166d796,hn05-adjacent-vehicle-occludes-lines,negative,negative_hard
51,IMG_007654,cb02df1970bfbfef7fc91fa5f26b649261b1a0abc993a9e7d138eeae709aed0b,/home/yanbo/net_vlm_xunjian_dataset/00_raw/ai_generated/images/20260902_ai_generated_parking_order_violation_pov_b1_397/IMG_007654.png,cb02df1970bfbfef7fc91fa5f26b649261b1a0abc993a9e7d138eeae709aed0b,p05-multi-vehicle-at-least-one-violation,negative,negative_adjudicated
52,IMG_007637,aaed8f87b10e95beae05ff6f909e4359fab1b60944b7725298af180943975ae2,/home/yanbo/net_vlm_xunjian_dataset/00_raw/ai_generated/images/20260902_ai_generated_parking_order_violation_pov_b1_397/IMG_007637.png,aaed8f87b10e95beae05ff6f909e4359fab1b60944b7725298af180943975ae2,p04-angled-footprint-outside,negative,negative_adjudicated
53,IMG_007562,e98d3f068c7e7ff0d6a731ab924fff48d66316d0dcaf320ea721c3ee9aefb426,/home/yanbo/net_vlm_xunjian_dataset/00_raw/ai_generated/images/20260902_ai_generated_parking_order_violation_pov_b1_397/IMG_007562.png,e98d3f068c7e7ff0d6a731ab924fff48d66316d0dcaf320ea721c3ee9aefb426,p02-cross-single-boundary-line,negative,negative_adjudicated
54,IMG_007576,a28e080ddb02680d63958e55fc3cca895b3e6a0d01bed541bfa62f0dc52ce903,/home/yanbo/net_vlm_xunjian_dataset/00_raw/ai_generated/images/20260902_ai_generated_parking_order_violation_pov_b1_397/IMG_007576.png,a28e080ddb02680d63958e55fc3cca895b3e6a0d01bed541bfa62f0dc52ce903,p02-cross-single-boundary-line,negative,negative_adjudicated
55,IMG_007629,53818a58bd837a7eeb47ab89faa4ec39cc1639cc427f0d00b5a1df855feba3e6,/home/yanbo/net_vlm_xunjian_dataset/00_raw/ai_generated/images/20260902_ai_generated_parking_order_violation_pov_b1_397/IMG_007629.png,53818a58bd837a7eeb47ab89faa4ec39cc1639cc427f0d00b5a1df855feba3e6,p04-angled-footprint-outside,negative,negative_adjudicated
56,IMG_007626,aa93382d3872cf38843388e36afd0119a8d72e98e4244118048a828abba47f0a,/home/yanbo/net_vlm_xunjian_dataset/00_raw/ai_generated/images/20260902_ai_generated_parking_order_violation_pov_b1_397/IMG_007626.png,aa93382d3872cf38843388e36afd0119a8d72e98e4244118048a828abba47f0a,p04-angled-footprint-outside,negative,negative_adjudicated
57,IMG_007644,1059ab4a00bd615a866389b6fb68f64782dc13698d14f6bb344514f71c58b7ea,/home/yanbo/net_vlm_xunjian_dataset/00_raw/ai_generated/images/20260902_ai_generated_parking_order_violation_pov_b1_397/IMG_007644.png,1059ab4a00bd615a866389b6fb68f64782dc13698d14f6bb344514f71c58b7ea,p04-angled-footprint-outside,negative,negative_adjudicated
58,IMG_007583,541d9de1bdf92c75bdd9d689062753ec8f49f21038963cbd62afa91428e7b5de,/home/yanbo/net_vlm_xunjian_dataset/00_raw/ai_generated/images/20260902_ai_generated_parking_order_violation_pov_b1_397/IMG_007583.png,541d9de1bdf92c75bdd9d689062753ec8f49f21038963cbd62afa91428e7b5de,p02-cross-single-boundary-line,negative,negative_adjudicated
59,IMG_007593,cd5e8f47b91c0c7e5051d1f9bb5e6a95ec02a197a66bfb234ef886b385d6ce63,/home/yanbo/net_vlm_xunjian_dataset/00_raw/ai_generated/images/20260902_ai_generated_parking_order_violation_pov_b1_397/IMG_007593.png,cd5e8f47b91c0c7e5051d1f9bb5e6a95ec02a197a66bfb234ef886b385d6ce63,p02-cross-single-boundary-line,negative,negative_adjudicated
60,IMG_007664,85c36cc890c4d967ee2f83a7432a00c10149a7a1522c1f7569ed776bf178417e,/home/yanbo/net_vlm_xunjian_dataset/00_raw/ai_generated/images/20260902_ai_generated_parking_order_violation_pov_b1_397/IMG_007664.png,85c36cc890c4d967ee2f83a7432a00c10149a7a1522c1f7569ed776bf178417e,p05-multi-vehicle-at-least-one-violation,negative,negative_adjudicated
61,IMG_007322,4637690af777a63302a78904d8d7c9ec0bbf5ed4de0bc7fd6be11a185d698dc9,/home/yanbo/net_vlm_xunjian_dataset/00_raw/ai_generated/images/20260902_ai_generated_parking_order_violation_pov_b1_397/IMG_007322.png,4637690af777a63302a78904d8d7c9ec0bbf5ed4de0bc7fd6be11a185d698dc9,hn01-gate-queue,secondary_gate_queue,gate_secondary
62,IMG_007343,17d41508f03896e6be2979d8d0fab41ddac4db4764d47332e0460a5e8953b848,/home/yanbo/net_vlm_xunjian_dataset/00_raw/ai_generated/images/20260902_ai_generated_parking_order_violation_pov_b1_397/IMG_007343.png,17d41508f03896e6be2979d8d0fab41ddac4db4764d47332e0460a5e8953b848,hn01-gate-queue,secondary_gate_queue,gate_secondary
63,IMG_007321,1a9030f5890becb4d971e63490bd597baa3ca443e82cce3e657e52c52b2f8263,/home/yanbo/net_vlm_xunjian_dataset/00_raw/ai_generated/images/20260902_ai_generated_parking_order_violation_pov_b1_397/IMG_007321.png,1a9030f5890becb4d971e63490bd597baa3ca443e82cce3e657e52c52b2f8263,hn01-gate-queue,secondary_gate_queue,gate_secondary
64,IMG_007326,acadd4c3f2591db383a714c3f755466bc550b3d41effafc2dc8e33238c34740c,/home/yanbo/net_vlm_xunjian_dataset/00_raw/ai_generated/images/20260902_ai_generated_parking_order_violation_pov_b1_397/IMG_007326.png,acadd4c3f2591db383a714c3f755466bc550b3d41effafc2dc8e33238c34740c,hn01-gate-queue,secondary_gate_queue,gate_secondary
65,IMG_007337,18fac90cca01f0d47ecb2b49ca4be90825e42961de9d137f8afa7e30a3eb4744,/home/yanbo/net_vlm_xunjian_dataset/00_raw/ai_generated/images/20260902_ai_generated_parking_order_violation_pov_b1_397/IMG_007337.png,18fac90cca01f0d47ecb2b49ca4be90825e42961de9d137f8afa7e30a3eb4744,hn01-gate-queue,secondary_gate_queue,gate_secondary
66,IMG_007329,4c35aa30c3e6f91ff96a1e9a241f83c8b641ce8848d416c6cbea432c15a1d20c,/home/yanbo/net_vlm_xunjian_dataset/00_raw/ai_generated/images/20260902_ai_generated_parking_order_violation_pov_b1_397/IMG_007329.png,4c35aa30c3e6f91ff96a1e9a241f83c8b641ce8848d416c6cbea432c15a1d20c,hn01-gate-queue,secondary_gate_queue,gate_secondary
67,IMG_007335,f73e208308694a8649951e4af0e9d1e7bac401c2d84f45c29abb93f839ba4a3d,/home/yanbo/net_vlm_xunjian_dataset/00_raw/ai_generated/images/20260902_ai_generated_parking_order_violation_pov_b1_397/IMG_007335.png,f73e208308694a8649951e4af0e9d1e7bac401c2d84f45c29abb93f839ba4a3d,hn01-gate-queue,secondary_gate_queue,gate_secondary
68,IMG_007327,8c6a815148272f0e5e7437dc4b702e4570aa3917ebe023f284a9f5fa66d92688,/home/yanbo/net_vlm_xunjian_dataset/00_raw/ai_generated/images/20260902_ai_generated_parking_order_violation_pov_b1_397/IMG_007327.png,8c6a815148272f0e5e7437dc4b702e4570aa3917ebe023f284a9f5fa66d92688,hn01-gate-queue,secondary_gate_queue,gate_secondary
69,IMG_007348,811995a29ace32e6446ea2fa97bd9835db5b19c706746e280a47fa084a1ea155,/home/yanbo/net_vlm_xunjian_dataset/00_raw/ai_generated/images/20260902_ai_generated_parking_order_violation_pov_b1_397/IMG_007348.png,811995a29ace32e6446ea2fa97bd9835db5b19c706746e280a47fa084a1ea155,hn01-gate-queue,secondary_gate_queue,gate_secondary
70,IMG_007334,01298aead601e68833086750e340d126205a6b3994975e5d4307f96eeb46db5b,/home/yanbo/net_vlm_xunjian_dataset/00_raw/ai_generated/images/20260902_ai_generated_parking_order_violation_pov_b1_397/IMG_007334.png,01298aead601e68833086750e340d126205a6b3994975e5d4307f96eeb46db5b,hn01-gate-queue,secondary_gate_queue,gate_secondary
