evidence,group_id,group_key,gt_label,inference_error,latency_seconds,media_id,model_label,ollama_eval_count,ollama_load_duration_ns,ollama_prompt_eval_count,ollama_total_duration_ns,parse_error,raw_response,reason,relative_path,sample_role,source_id,split,status
Visible white parking bay lines frame the vehicle; the car is centered within the marked space without crossing boundaries.,POV_PARKING_B1_P01_OUTSIDE_LEGAL_BAY_CLEAR,p01-outside-legal-bay-clear,1,,15.282555,IMG_007520,0,69,6914152025,476,15220351752,,"{""label"":""0"",""reason"":""The black SUV is positioned within a clearly marked parking bay, aligned with the white painted lines, and does not appear to cross any bay boundaries or intrude into a travel aisle."",""evidence"":""Visible white parking bay lines frame the vehicle; the car is centered within the marked space without crossing boundaries.""}","The black SUV is positioned within a clearly marked parking bay, aligned with the white painted lines, and does not appear to cross any bay boundaries or intrude into a travel aisle.",00_raw/ai_generated/images/20260902_ai_generated_parking_order_violation_pov_b1_397/IMG_007520.png,positive,1,train,ok
Vehicle is fully contained within a single marked parking space with visible white lines on both sides.,POV_PARKING_B1_P01_OUTSIDE_LEGAL_BAY_CLEAR,p01-outside-legal-bay-clear,1,,25.152216,IMG_007521,0,67,569569519,476,25080856880,,"{""label"":""0"",""reason"":""The black SUV is positioned within a clearly marked parking bay, aligned with the white boundary lines, and does not appear to be crossing any bay boundaries or intruding into a travel aisle."",""evidence"":""Vehicle is fully contained within a single marked parking space with visible white lines on both sides.""}","The black SUV is positioned within a clearly marked parking bay, aligned with the white boundary lines, and does not appear to be crossing any bay boundaries or intruding into a travel aisle.",00_raw/ai_generated/images/20260902_ai_generated_parking_order_violation_pov_b1_397/IMG_007521.png,positive,2,train,ok
Visible white parking bay lines frame the vehicle; the car is contained within the marked rectangle on the pavement.,POV_PARKING_B1_P01_OUTSIDE_LEGAL_BAY_CLEAR,p01-outside-legal-bay-clear,1,,17.58661,IMG_007522,0,69,564078205,476,17515781088,,"{""label"":""0"",""reason"":""The black SUV is positioned within a clearly marked parking bay, aligned with the white painted lines, and does not appear to cross any bay boundaries or intrude into a travel aisle."",""evidence"":""Visible white parking bay lines frame the vehicle; the car is contained within the marked rectangle on the pavement.""}","The black SUV is positioned within a clearly marked parking bay, aligned with the white painted lines, and does not appear to cross any bay boundaries or intrude into a travel aisle.",00_raw/ai_generated/images/20260902_ai_generated_parking_order_violation_pov_b1_397/IMG_007522.png,positive,3,train,ok
Visible yellow parking bay lines clearly contain both vehicles; no boundary crossing or non-parking intrusion is observed.,POV_PARKING_B1_P01_OUTSIDE_LEGAL_BAY_CLEAR,p01-outside-legal-bay-clear,1,,9.519752,IMG_007523,0,72,559549183,476,9447424728,,"{""label"":""0"",""reason"":""The silver car is positioned within a clearly marked parking bay, and the black vehicle in the background is also within its designated bay. No vehicles are crossing boundaries or intruding into travel aisles."",""evidence"":""Visible yellow parking bay lines clearly contain both vehicles; no boundary crossing or non-parking intrusion is observed.""}","The silver car is positioned within a clearly marked parking bay, and the black vehicle in the background is also within its designated bay. No vehicles are crossing boundaries or intruding into travel aisles.",00_raw/ai_generated/images/20260902_ai_generated_parking_order_violation_pov_b1_397/IMG_007523.png,positive,4,train,ok
"Visible yellow parking bay lines frame the vehicle, and the car is contained within this marked area without crossing boundaries.",POV_PARKING_B1_P01_OUTSIDE_LEGAL_BAY_CLEAR,p01-outside-legal-bay-clear,1,,32.581813,IMG_007524,0,63,595654861,476,32513616056,,"{""label"":""0"",""reason"":""The vehicle is positioned within the yellow-lined parking bay, aligned with the bay boundaries and not intruding into the travel aisle or crossing bay lines."",""evidence"":""Visible yellow parking bay lines frame the vehicle, and the car is contained within this marked area without crossing boundaries.""}","The vehicle is positioned within the yellow-lined parking bay, aligned with the bay boundaries and not intruding into the travel aisle or crossing bay lines.",00_raw/ai_generated/images/20260902_ai_generated_parking_order_violation_pov_b1_397/IMG_007524.png,positive,5,train,ok
Visible yellow parking bay lines frame the vehicle; the car is contained within the marked area without crossing boundaries.,POV_PARKING_B1_P01_OUTSIDE_LEGAL_BAY_CLEAR,p01-outside-legal-bay-clear,1,,30.873209,IMG_007525,0,71,523531041,476,30812013876,,"{""label"":""0"",""reason"":""The gray minivan is positioned within a clearly marked parking bay, aligned with the yellow boundary lines, and does not appear to be crossing any bay boundaries or intruding into a travel aisle."",""evidence"":""Visible yellow parking bay lines frame the vehicle; the car is contained within the marked area without crossing boundaries.""}","The gray minivan is positioned within a clearly marked parking bay, aligned with the yellow boundary lines, and does not appear to be crossing any bay boundaries or intruding into a travel aisle.",00_raw/ai_generated/images/20260902_ai_generated_parking_order_violation_pov_b1_397/IMG_007525.png,positive,6,train,ok
Vehicle is centered in a single parking space with visible white bay lines on both sides; no boundary crossing or aisle intrusion is observed.,POV_PARKING_B1_P01_OUTSIDE_LEGAL_BAY_CLEAR,p01-outside-legal-bay-clear,1,,30.929038,IMG_007526,0,75,418999969,476,30871228982,,"{""label"":""0"",""reason"":""The white vehicle is positioned within a clearly marked parking bay, aligned with the white boundary lines, and does not appear to be crossing any bay boundaries or intruding into a travel aisle."",""evidence"":""Vehicle is centered in a single parking space with visible white bay lines on both sides; no boundary crossing or aisle intrusion is observed.""}","The white vehicle is positioned within a clearly marked parking bay, aligned with the white boundary lines, and does not appear to be crossing any bay boundaries or intruding into a travel aisle.",00_raw/ai_generated/images/20260902_ai_generated_parking_order_violation_pov_b1_397/IMG_007526.png,positive,7,train,ok
"Visible white parking lines clearly define the bay boundaries, and the van is fully contained within them without crossing any lines or occupying adjacent spaces.",POV_PARKING_B1_P01_OUTSIDE_LEGAL_BAY_CLEAR,p01-outside-legal-bay-clear,1,,31.142428,IMG_007527,0,72,494011661,476,31082798116,,"{""label"":""0"",""reason"":""The white van is positioned within a clearly marked parking bay, aligned with the bay boundaries and not obstructing any travel aisles or crossing into non-parking areas."",""evidence"":""Visible white parking lines clearly define the bay boundaries, and the van is fully contained within them without crossing any lines or occupying adjacent spaces.""}","The white van is positioned within a clearly marked parking bay, aligned with the bay boundaries and not obstructing any travel aisles or crossing into non-parking areas.",00_raw/ai_generated/images/20260902_ai_generated_parking_order_violation_pov_b1_397/IMG_007527.png,positive,8,train,ok
Visible white parking lines define a rectangular bay that fully contains the vehicle; no boundary crossing or intrusion into aisles is observed.,POV_PARKING_B1_P01_OUTSIDE_LEGAL_BAY_CLEAR,p01-outside-legal-bay-clear,1,,31.471107,IMG_007528,0,70,436148547,476,31413856644,,"{""label"":""0"",""reason"":""The white van is positioned within a clearly marked parking bay, aligned with the bay boundaries and not obstructing any travel aisles or crossing into non-parking areas."",""evidence"":""Visible white parking lines define a rectangular bay that fully contains the vehicle; no boundary crossing or intrusion into aisles is observed.""}","The white van is positioned within a clearly marked parking bay, aligned with the bay boundaries and not obstructing any travel aisles or crossing into non-parking areas.",00_raw/ai_generated/images/20260902_ai_generated_parking_order_violation_pov_b1_397/IMG_007528.png,positive,9,train,ok
Visible yellow parking bay lines frame the vehicle; the truck is contained within the marked area without crossing boundaries.,POV_PARKING_B1_P01_OUTSIDE_LEGAL_BAY_CLEAR,p01-outside-legal-bay-clear,1,,31.471609,IMG_007529,0,69,396792140,476,31409517461,,"{""label"":""0"",""reason"":""The vehicle is positioned within a clearly marked parking bay, aligned with the yellow boundary lines, and does not appear to be crossing any bay boundaries or intruding into a travel aisle."",""evidence"":""Visible yellow parking bay lines frame the vehicle; the truck is contained within the marked area without crossing boundaries.""}","The vehicle is positioned within a clearly marked parking bay, aligned with the yellow boundary lines, and does not appear to be crossing any bay boundaries or intruding into a travel aisle.",00_raw/ai_generated/images/20260902_ai_generated_parking_order_violation_pov_b1_397/IMG_007529.png,positive,10,train,ok
Vehicle is fully contained within one marked parking space with visible yellow bay lines on both sides.,POV_PARKING_B1_P01_OUTSIDE_LEGAL_BAY_CLEAR,p01-outside-legal-bay-clear,1,,30.529577,IMG_007530,0,64,424726777,476,30468738175,,"{""label"":""0"",""reason"":""The single visible vehicle is positioned within a clearly marked parking bay, aligned with the yellow lines, and shows no evidence of crossing boundaries or intruding into travel aisles."",""evidence"":""Vehicle is fully contained within one marked parking space with visible yellow bay lines on both sides.""}","The single visible vehicle is positioned within a clearly marked parking bay, aligned with the yellow lines, and shows no evidence of crossing boundaries or intruding into travel aisles.",00_raw/ai_generated/images/20260902_ai_generated_parking_order_violation_pov_b1_397/IMG_007530.png,positive,11,train,ok
Visible white parking bay lines frame the vehicle; car is centered within the designated space.,POV_PARKING_B1_P01_OUTSIDE_LEGAL_BAY_CLEAR,p01-outside-legal-bay-clear,1,,29.813867,IMG_007532,0,63,426984602,476,29752629071,,"{""label"":""0"",""reason"":""The red car is positioned within a clearly marked parking bay, aligned with the white lines, and does not appear to be crossing boundaries or intruding into a travel aisle."",""evidence"":""Visible white parking bay lines frame the vehicle; car is centered within the designated space.""}","The red car is positioned within a clearly marked parking bay, aligned with the white lines, and does not appear to be crossing boundaries or intruding into a travel aisle.",00_raw/ai_generated/images/20260902_ai_generated_parking_order_violation_pov_b1_397/IMG_007532.png,positive,13,train,ok
Vehicle is fully contained within a single marked parking space with no visible boundary crossing or intrusion into non-parking areas.,POV_PARKING_B1_P01_OUTSIDE_LEGAL_BAY_CLEAR,p01-outside-legal-bay-clear,1,,29.356653,IMG_007533,0,65,407984710,476,29297745937,,"{""label"":""0"",""reason"":""The red vehicle is positioned within a clearly marked parking bay, aligned with the bay boundaries and not intruding into the travel aisle or crossing bay lines."",""evidence"":""Vehicle is fully contained within a single marked parking space with no visible boundary crossing or intrusion into non-parking areas.""}","The red vehicle is positioned within a clearly marked parking bay, aligned with the bay boundaries and not intruding into the travel aisle or crossing bay lines.",00_raw/ai_generated/images/20260902_ai_generated_parking_order_violation_pov_b1_397/IMG_007533.png,positive,14,train,ok
Vehicle is centered in a marked parking space with clear yellow lines on both sides.,POV_PARKING_B1_P01_OUTSIDE_LEGAL_BAY_CLEAR,p01-outside-legal-bay-clear,1,,27.8718,IMG_007535,0,54,428327284,476,27812459321,,"{""label"":""0"",""reason"":""The white vehicle is positioned within the yellow-lined parking bay, with no visible intrusion into travel aisles or crossing of bay boundaries."",""evidence"":""Vehicle is centered in a marked parking space with clear yellow lines on both sides.""}","The white vehicle is positioned within the yellow-lined parking bay, with no visible intrusion into travel aisles or crossing of bay boundaries.",00_raw/ai_generated/images/20260902_ai_generated_parking_order_violation_pov_b1_397/IMG_007535.png,positive,16,train,ok
Visible white parking bay lines frame the vehicle on both sides; the car is fully contained within the marked rectangle.,POV_PARKING_B1_P01_OUTSIDE_LEGAL_BAY_CLEAR,p01-outside-legal-bay-clear,1,,28.00648,IMG_007536,0,63,399346173,476,27946365971,,"{""label"":""0"",""reason"":""The white vehicle is clearly positioned within a marked parking bay, aligned with the bay boundaries and not intruding into travel lanes or crossing bay lines."",""evidence"":""Visible white parking bay lines frame the vehicle on both sides; the car is fully contained within the marked rectangle.""}","The white vehicle is clearly positioned within a marked parking bay, aligned with the bay boundaries and not intruding into travel lanes or crossing bay lines.",00_raw/ai_generated/images/20260902_ai_generated_parking_order_violation_pov_b1_397/IMG_007536.png,positive,17,train,ok
Visible yellow parking bay lines frame the vehicle on the left and rear; the car is fully contained within the marked space.,POV_PARKING_B1_P01_OUTSIDE_LEGAL_BAY_CLEAR,p01-outside-legal-bay-clear,1,,28.931557,IMG_007537,0,75,409368310,476,28872551300,,"{""label"":""0"",""reason"":""The white vehicle is positioned within a clearly marked parking bay, bounded by yellow lines on the left and rear, and does not appear to cross any bay boundaries or intrude into a travel aisle."",""evidence"":""Visible yellow parking bay lines frame the vehicle on the left and rear; the car is fully contained within the marked space.""}","The white vehicle is positioned within a clearly marked parking bay, bounded by yellow lines on the left and rear, and does not appear to cross any bay boundaries or intrude into a travel aisle.",00_raw/ai_generated/images/20260902_ai_generated_parking_order_violation_pov_b1_397/IMG_007537.png,positive,18,train,ok
Vehicle is inside a marked parking space with visible white boundary lines on both sides.,POV_PARKING_B1_P01_OUTSIDE_LEGAL_BAY_CLEAR,p01-outside-legal-bay-clear,1,,28.891598,IMG_007538,0,65,390773942,476,28828172820,,"{""label"":""0"",""reason"":""The white car is positioned within a clearly marked parking bay, aligned with the white painted lines, and does not appear to be crossing any bay boundaries or intruding into a travel aisle."",""evidence"":""Vehicle is inside a marked parking space with visible white boundary lines on both sides.""}","The white car is positioned within a clearly marked parking bay, aligned with the white painted lines, and does not appear to be crossing any bay boundaries or intruding into a travel aisle.",00_raw/ai_generated/images/20260902_ai_generated_parking_order_violation_pov_b1_397/IMG_007538.png,positive,19,train,ok
Visible white parking lines define a rectangular bay; the car is fully contained within these boundaries without crossing any lines.,POV_PARKING_B1_P01_OUTSIDE_LEGAL_BAY_CLEAR,p01-outside-legal-bay-clear,1,,30.011115,IMG_007539,0,64,464569211,476,29948381274,,"{""label"":""0"",""reason"":""The white sedan is positioned within a clearly marked parking bay, aligned with the bay boundaries and not intruding into the travel aisle or crossing bay lines."",""evidence"":""Visible white parking lines define a rectangular bay; the car is fully contained within these boundaries without crossing any lines.""}","The white sedan is positioned within a clearly marked parking bay, aligned with the bay boundaries and not intruding into the travel aisle or crossing bay lines.",00_raw/ai_generated/images/20260902_ai_generated_parking_order_violation_pov_b1_397/IMG_007539.png,positive,20,train,ok
Vehicle is inside a marked parking space; no boundary crossing or aisle intrusion is visible.,POV_PARKING_B1_P01_OUTSIDE_LEGAL_BAY_CLEAR,p01-outside-legal-bay-clear,1,,29.509109,IMG_007540,0,59,416637597,476,29449732439,,"{""label"":""0"",""reason"":""The white sedan is positioned within a clearly marked parking bay, aligned with the lane boundaries and not crossing any lines or intruding into a travel aisle."",""evidence"":""Vehicle is inside a marked parking space; no boundary crossing or aisle intrusion is visible.""}","The white sedan is positioned within a clearly marked parking bay, aligned with the lane boundaries and not crossing any lines or intruding into a travel aisle.",00_raw/ai_generated/images/20260902_ai_generated_parking_order_violation_pov_b1_397/IMG_007540.png,positive,21,train,ok
Vehicle is centered in a single marked bay with clear yellow lines on both sides and front.,POV_PARKING_B1_P01_OUTSIDE_LEGAL_BAY_CLEAR,p01-outside-legal-bay-clear,1,,27.873874,IMG_007541,0,58,368014446,476,27817200555,,"{""label"":""0"",""reason"":""The silver sedan is positioned squarely within a clearly marked yellow parking bay, with no visible intrusion into travel aisles or crossing of bay boundaries."",""evidence"":""Vehicle is centered in a single marked bay with clear yellow lines on both sides and front.""}","The silver sedan is positioned squarely within a clearly marked yellow parking bay, with no visible intrusion into travel aisles or crossing of bay boundaries.",00_raw/ai_generated/images/20260902_ai_generated_parking_order_violation_pov_b1_397/IMG_007541.png,positive,22,train,ok
Vehicle is fully contained within single yellow-lined parking space,POV_PARKING_B1_P01_OUTSIDE_LEGAL_BAY_CLEAR,p01-outside-legal-bay-clear,1,,26.176658,IMG_007542,0,50,444016674,476,26115810006,,"{""label"":""0"",""reason"":""The silver sedan is positioned within a clearly marked yellow-lined parking bay, with no visible intrusion into travel aisles or crossing of bay boundaries."",""evidence"":""Vehicle is fully contained within single yellow-lined parking space""}","The silver sedan is positioned within a clearly marked yellow-lined parking bay, with no visible intrusion into travel aisles or crossing of bay boundaries.",00_raw/ai_generated/images/20260902_ai_generated_parking_order_violation_pov_b1_397/IMG_007542.png,positive,23,train,ok
Vehicle is fully contained within single yellow-marked parking space,POV_PARKING_B1_P01_OUTSIDE_LEGAL_BAY_CLEAR,p01-outside-legal-bay-clear,1,,24.835,IMG_007543,0,51,421755219,476,24777500029,,"{""label"":""0"",""reason"":""The silver sedan is positioned within a clearly marked yellow-lined parking bay, with no visible intrusion into travel aisles or crossing of bay boundaries."",""evidence"":""Vehicle is fully contained within single yellow-marked parking space""}","The silver sedan is positioned within a clearly marked yellow-lined parking bay, with no visible intrusion into travel aisles or crossing of bay boundaries.",00_raw/ai_generated/images/20260902_ai_generated_parking_order_violation_pov_b1_397/IMG_007543.png,positive,24,train,ok
Visible white parking lines define bays; the blue SUV is fully contained within one bay; no vehicles are seen crossing bay boundaries or occupying travel lanes.,POV_PARKING_B1_P01_OUTSIDE_LEGAL_BAY_CLEAR,p01-outside-legal-bay-clear,1,,26.790999,IMG_007544,0,77,502640364,476,26732530223,,"{""label"":""0"",""reason"":""The main vehicle is positioned within a clearly marked parking bay, and other visible vehicles are also parked within their respective bays without crossing boundaries or intruding into travel aisles."",""evidence"":""Visible white parking lines define bays; the blue SUV is fully contained within one bay; no vehicles are seen crossing bay boundaries or occupying travel lanes.""}","The main vehicle is positioned within a clearly marked parking bay, and other visible vehicles are also parked within their respective bays without crossing boundaries or intruding into travel aisles.",00_raw/ai_generated/images/20260902_ai_generated_parking_order_violation_pov_b1_397/IMG_007544.png,positive,26,train,ok
Vehicle is fully contained within a single marked parking space with visible white lines defining the bay boundaries.,POV_PARKING_B1_P01_OUTSIDE_LEGAL_BAY_CLEAR,p01-outside-legal-bay-clear,1,,28.149729,IMG_007545,0,68,446741741,476,28091011440,,"{""label"":""0"",""reason"":""The blue SUV is positioned within a clearly marked parking bay, aligned with the white boundary lines, and does not appear to be crossing any bay boundaries or intruding into a travel aisle."",""evidence"":""Vehicle is fully contained within a single marked parking space with visible white lines defining the bay boundaries.""}","The blue SUV is positioned within a clearly marked parking bay, aligned with the white boundary lines, and does not appear to be crossing any bay boundaries or intruding into a travel aisle.",00_raw/ai_generated/images/20260902_ai_generated_parking_order_violation_pov_b1_397/IMG_007545.png,positive,27,train,ok
Vehicle is centered in a single marked bay with clear yellow lines on both sides; no boundary crossing or aisle intrusion is visible.,POV_PARKING_B1_P01_OUTSIDE_LEGAL_BAY_CLEAR,p01-outside-legal-bay-clear,1,,30.62894,IMG_007546,0,71,437316822,476,30560173101,,"{""label"":""0"",""reason"":""The black SUV is positioned squarely within a marked parking bay, aligned with the yellow boundary lines, showing no evidence of crossing bay boundaries or intruding into travel aisles."",""evidence"":""Vehicle is centered in a single marked bay with clear yellow lines on both sides; no boundary crossing or aisle intrusion is visible.""}","The black SUV is positioned squarely within a marked parking bay, aligned with the yellow boundary lines, showing no evidence of crossing bay boundaries or intruding into travel aisles.",00_raw/ai_generated/images/20260902_ai_generated_parking_order_violation_pov_b1_397/IMG_007546.png,positive,28,train,ok
Vehicle is fully contained within the yellow-lined parking space; no boundary crossing or aisle intrusion is visible.,POV_PARKING_B1_P01_OUTSIDE_LEGAL_BAY_CLEAR,p01-outside-legal-bay-clear,1,,32.000315,IMG_007547,0,63,409760856,476,31936663216,,"{""label"":""0"",""reason"":""The black SUV is positioned within a clearly marked parking bay, aligned with the yellow boundary lines and not intruding into the travel aisle or crossing bay boundaries."",""evidence"":""Vehicle is fully contained within the yellow-lined parking space; no boundary crossing or aisle intrusion is visible.""}","The black SUV is positioned within a clearly marked parking bay, aligned with the yellow boundary lines and not intruding into the travel aisle or crossing bay boundaries.",00_raw/ai_generated/images/20260902_ai_generated_parking_order_violation_pov_b1_397/IMG_007547.png,positive,29,train,ok
Vehicle is fully contained within the yellow-lined parking space; no boundary crossing or aisle intrusion is visible.,POV_PARKING_B1_P01_OUTSIDE_LEGAL_BAY_CLEAR,p01-outside-legal-bay-clear,1,,30.970628,IMG_007548,0,63,401696864,476,30912036204,,"{""label"":""0"",""reason"":""The black SUV is positioned within a clearly marked parking bay, aligned with the yellow boundary lines and not intruding into the travel aisle or crossing bay boundaries."",""evidence"":""Vehicle is fully contained within the yellow-lined parking space; no boundary crossing or aisle intrusion is visible.""}","The black SUV is positioned within a clearly marked parking bay, aligned with the yellow boundary lines and not intruding into the travel aisle or crossing bay boundaries.",00_raw/ai_generated/images/20260902_ai_generated_parking_order_violation_pov_b1_397/IMG_007548.png,positive,30,train,ok
Vehicle is centered in a marked bay with visible white lines on both sides; no boundary crossing or aisle intrusion observed.,POV_PARKING_B1_P01_OUTSIDE_LEGAL_BAY_CLEAR,p01-outside-legal-bay-clear,1,,30.957278,IMG_007549,0,69,348358172,476,30896170922,,"{""label"":""0"",""reason"":""The single visible vehicle is positioned within a clearly marked parking bay, aligned with the white painted lines, showing no evidence of crossing boundaries or intruding into travel aisles."",""evidence"":""Vehicle is centered in a marked bay with visible white lines on both sides; no boundary crossing or aisle intrusion observed.""}","The single visible vehicle is positioned within a clearly marked parking bay, aligned with the white painted lines, showing no evidence of crossing boundaries or intruding into travel aisles.",00_raw/ai_generated/images/20260902_ai_generated_parking_order_violation_pov_b1_397/IMG_007549.png,positive,31,train,ok
Vehicle is aligned within white-painted parking bay markings; no boundary crossing or aisle intrusion observed.,POV_PARKING_B1_P01_OUTSIDE_LEGAL_BAY_CLEAR,p01-outside-legal-bay-clear,1,,35.691791,IMG_007551,0,61,402850607,476,35633311576,,"{""label"":""0"",""reason"":""The gray minivan is positioned within the boundaries of a clearly marked parking bay, with no visible intrusion into travel aisles or crossing of bay lines."",""evidence"":""Vehicle is aligned within white-painted parking bay markings; no boundary crossing or aisle intrusion observed.""}","The gray minivan is positioned within the boundaries of a clearly marked parking bay, with no visible intrusion into travel aisles or crossing of bay lines.",00_raw/ai_generated/images/20260902_ai_generated_parking_order_violation_pov_b1_397/IMG_007551.png,positive,33,train,ok
White van in center lane; no visible parking bay markings in immediate vicinity; background vehicles appear to be in a parking lot but are too distant to assess for violations.,POV_PARKING_B1_P01_OUTSIDE_LEGAL_BAY_CLEAR,p01-outside-legal-bay-clear,1,,41.057147,IMG_007552,0,118,428913640,476,40998771928,,"{""label"":""0"",""reason"":""The white van is positioned in the center of a travel lane, but there are no visible parking bay markings in the immediate foreground or background to suggest it is parked outside a legal bay. The scene appears to be a normal traffic flow or temporary queue area rather than a parking lot with marked bays. Without clear bay boundaries to reference, we cannot confirm a violation."",""evidence"":""White van in center lane; no visible parking bay markings in immediate vicinity; background vehicles appear to be in a parking lot but are too distant to assess for violations.""}","The white van is positioned in the center of a travel lane, but there are no visible parking bay markings in the immediate foreground or background to suggest it is parked outside a legal bay. The scene appears to be a normal traffic flow or temporary queue area rather than a parking lot with marked bays. Without clear bay boundaries to reference, we cannot confirm a violation.",00_raw/ai_generated/images/20260902_ai_generated_parking_order_violation_pov_b1_397/IMG_007552.png,positive,34,train,ok
White van is fully contained within a single marked parking bay; yellow bay lines are visible and un-crossed; no vehicles are seen obstructing travel aisles or spanning multiple bays.,POV_PARKING_B1_P01_OUTSIDE_LEGAL_BAY_CLEAR,p01-outside-legal-bay-clear,1,,44.340816,IMG_007553,0,105,424157808,476,44278773275,,"{""label"":""0"",""reason"":""The white van is positioned within a clearly marked parking bay, aligned with the yellow lines, and does not appear to be crossing boundaries or intruding into travel lanes. Other visible vehicles in the background are also within their respective bays. No clear violation of parking order is evident."",""evidence"":""White van is fully contained within a single marked parking bay; yellow bay lines are visible and un-crossed; no vehicles are seen obstructing travel aisles or spanning multiple bays.""}","The white van is positioned within a clearly marked parking bay, aligned with the yellow lines, and does not appear to be crossing boundaries or intruding into travel lanes. Other visible vehicles in the background are also within their respective bays. No clear violation of parking order is evident.",00_raw/ai_generated/images/20260902_ai_generated_parking_order_violation_pov_b1_397/IMG_007553.png,positive,35,train,ok
Visible yellow parking bay lines clearly contain both vehicles; no boundary crossing or non-parking area intrusion is observed.,POV_PARKING_B1_P01_OUTSIDE_LEGAL_BAY_CLEAR,p01-outside-legal-bay-clear,1,,39.134677,IMG_007554,0,74,333356304,476,39072604889,,"{""label"":""0"",""reason"":""The white van is positioned within a clearly marked parking bay, and the white sedan behind it is also parked within its designated bay. No vehicles are crossing bay boundaries or intruding into travel aisles."",""evidence"":""Visible yellow parking bay lines clearly contain both vehicles; no boundary crossing or non-parking area intrusion is observed.""}","The white van is positioned within a clearly marked parking bay, and the white sedan behind it is also parked within its designated bay. No vehicles are crossing bay boundaries or intruding into travel aisles.",00_raw/ai_generated/images/20260902_ai_generated_parking_order_violation_pov_b1_397/IMG_007554.png,positive,36,train,ok
Vehicle is aligned within white-painted parking lines; no boundary crossing or aisle intrusion observed.,POV_PARKING_B1_P01_OUTSIDE_LEGAL_BAY_CLEAR,p01-outside-legal-bay-clear,1,,38.54763,IMG_007555,0,59,438410638,476,38487776786,,"{""label"":""0"",""reason"":""The primary vehicle is positioned within a clearly marked parking bay, and no other vehicles are visible intruding into travel aisles or crossing bay boundaries."",""evidence"":""Vehicle is aligned within white-painted parking lines; no boundary crossing or aisle intrusion observed.""}","The primary vehicle is positioned within a clearly marked parking bay, and no other vehicles are visible intruding into travel aisles or crossing bay boundaries.",00_raw/ai_generated/images/20260902_ai_generated_parking_order_violation_pov_b1_397/IMG_007555.png,positive,37,train,ok
Vehicle is fully contained within a single marked parking bay with visible white lines on both sides.,POV_PARKING_B1_P01_OUTSIDE_LEGAL_BAY_CLEAR,p01-outside-legal-bay-clear,1,,32.059807,IMG_007556,0,56,473010544,476,32001388875,,"{""label"":""0"",""reason"":""The single visible vehicle is parked within clearly marked white bay lines and does not cross any boundaries or intrude into travel aisles."",""evidence"":""Vehicle is fully contained within a single marked parking bay with visible white lines on both sides.""}",The single visible vehicle is parked within clearly marked white bay lines and does not cross any boundaries or intrude into travel aisles.,00_raw/ai_generated/images/20260902_ai_generated_parking_order_violation_pov_b1_397/IMG_007556.png,positive,38,train,ok
Visible yellow parking bay lines frame the vehicle on both sides; the car is centered within the marked space with no indication of boundary crossing or non-parking area intrusion.,POV_PARKING_B1_P01_OUTSIDE_LEGAL_BAY_CLEAR,p01-outside-legal-bay-clear,1,,29.458724,IMG_007557,0,85,449407327,476,29377124603,,"{""label"":""0"",""reason"":""The red car is positioned within a clearly marked parking bay, bounded by yellow lines on the left and right, and does not appear to be crossing any bay boundaries or intruding into a travel aisle."",""evidence"":""Visible yellow parking bay lines frame the vehicle on both sides; the car is centered within the marked space with no indication of boundary crossing or non-parking area intrusion.""}","The red car is positioned within a clearly marked parking bay, bounded by yellow lines on the left and right, and does not appear to be crossing any bay boundaries or intruding into a travel aisle.",00_raw/ai_generated/images/20260902_ai_generated_parking_order_violation_pov_b1_397/IMG_007557.png,positive,39,train,ok
Visible yellow parking bay lines frame the vehicle; the car is contained within the marked area.,POV_PARKING_B1_P01_OUTSIDE_LEGAL_BAY_CLEAR,p01-outside-legal-bay-clear,1,,28.749856,IMG_007558,0,67,446940454,476,28691611329,,"{""label"":""0"",""reason"":""The red car is positioned within a clearly marked parking bay, aligned with the yellow boundary lines, and does not appear to be crossing any bay boundaries or intruding into a travel aisle."",""evidence"":""Visible yellow parking bay lines frame the vehicle; the car is contained within the marked area.""}","The red car is positioned within a clearly marked parking bay, aligned with the yellow boundary lines, and does not appear to be crossing any bay boundaries or intruding into a travel aisle.",00_raw/ai_generated/images/20260902_ai_generated_parking_order_violation_pov_b1_397/IMG_007558.png,positive,40,train,ok
White car is centered in a single marked bay; adjacent cars are similarly parked within bays; no boundary crossing or aisle intrusion is visible.,POV_PARKING_B1_P02_CROSS_SINGLE_BOUNDARY_LINE,p02-cross-single-boundary-line,1,,33.274005,IMG_007559,0,97,398354921,476,33210282461,,"{""label"":""0"",""reason"":""The central white vehicle is clearly positioned within a marked parking bay, aligned with the white boundary lines. The adjacent vehicles are also parked within their respective bays. There is no visible evidence of any vehicle crossing bay boundaries, spanning multiple bays, or intruding into a travel aisle."",""evidence"":""White car is centered in a single marked bay; adjacent cars are similarly parked within bays; no boundary crossing or aisle intrusion is visible.""}","The central white vehicle is clearly positioned within a marked parking bay, aligned with the white boundary lines. The adjacent vehicles are also parked within their respective bays. There is no visible evidence of any vehicle crossing bay boundaries, spanning multiple bays, or intruding into a travel aisle.",00_raw/ai_generated/images/20260902_ai_generated_parking_order_violation_pov_b1_397/IMG_007559.png,positive,41,train,ok
White SUV and adjacent cars are fully contained within their respective parking spaces with no boundary crossing observed.,POV_PARKING_B1_P02_CROSS_SINGLE_BOUNDARY_LINE,p02-cross-single-boundary-line,1,,33.452816,IMG_007560,0,55,397411447,476,33391269397,,"{""label"":""0"",""reason"":""All visible vehicles are parked within clearly marked white bay lines; no vehicle crosses boundaries or intrudes into travel aisles."",""evidence"":""White SUV and adjacent cars are fully contained within their respective parking spaces with no boundary crossing observed.""}",All visible vehicles are parked within clearly marked white bay lines; no vehicle crosses boundaries or intrudes into travel aisles.,00_raw/ai_generated/images/20260902_ai_generated_parking_order_violation_pov_b1_397/IMG_007560.png,positive,42,train,ok
Vehicle is positioned inside a clearly marked parking space with visible white boundary lines on both sides and front.,POV_PARKING_B1_P02_CROSS_SINGLE_BOUNDARY_LINE,p02-cross-single-boundary-line,1,,31.915319,IMG_007561,0,62,413724542,476,31851235999,,"{""label"":""0"",""reason"":""The white Tesla is clearly parked within a single marked parking bay, aligned with the white painted lines, showing no boundary crossing or intrusion into travel lanes."",""evidence"":""Vehicle is positioned inside a clearly marked parking space with visible white boundary lines on both sides and front.""}","The white Tesla is clearly parked within a single marked parking bay, aligned with the white painted lines, showing no boundary crossing or intrusion into travel lanes.",00_raw/ai_generated/images/20260902_ai_generated_parking_order_violation_pov_b1_397/IMG_007561.png,positive,43,train,ok
Vehicle is centered in a clearly marked parking space with yellow boundary lines visible on both sides and front.,POV_PARKING_B1_P02_CROSS_SINGLE_BOUNDARY_LINE,p02-cross-single-boundary-line,1,,31.248851,IMG_007562,0,59,401683608,476,31190955451,,"{""label"":""0"",""reason"":""The white car is positioned squarely within a single marked parking bay, with no visible intrusion into travel aisles or crossing of bay boundaries."",""evidence"":""Vehicle is centered in a clearly marked parking space with yellow boundary lines visible on both sides and front.""}","The white car is positioned squarely within a single marked parking bay, with no visible intrusion into travel aisles or crossing of bay boundaries.",00_raw/ai_generated/images/20260902_ai_generated_parking_order_violation_pov_b1_397/IMG_007562.png,positive,44,train,ok
White car is fully contained within yellow-lined parking bay; no boundary crossing or aisle intrusion observed.,POV_PARKING_B1_P02_CROSS_SINGLE_BOUNDARY_LINE,p02-cross-single-boundary-line,1,,29.767756,IMG_007563,0,86,491236650,476,29706924275,,"{""label"":""0"",""reason"":""The white Ford sedan is clearly parked within a marked bay, aligned with yellow boundary lines and not intruding into any travel aisle or crossing bay boundaries. Other visible vehicles in the background also appear to be within their respective bays. No evidence of parking order violation is present."",""evidence"":""White car is fully contained within yellow-lined parking bay; no boundary crossing or aisle intrusion observed.""}","The white Ford sedan is clearly parked within a marked bay, aligned with yellow boundary lines and not intruding into any travel aisle or crossing bay boundaries. Other visible vehicles in the background also appear to be within their respective bays. No evidence of parking order violation is present.",00_raw/ai_generated/images/20260902_ai_generated_parking_order_violation_pov_b1_397/IMG_007563.png,positive,45,train,ok
Vehicle is aligned within yellow-marked parking space; no boundary crossing or aisle intrusion observed.,POV_PARKING_B1_P02_CROSS_SINGLE_BOUNDARY_LINE,p02-cross-single-boundary-line,1,,30.661715,IMG_007564,0,64,407380357,476,30601570716,,"{""label"":""0"",""reason"":""The white sedan is clearly positioned within a marked parking bay, bounded by yellow lines on both sides, with no visible intrusion into travel aisles or crossing of bay boundaries."",""evidence"":""Vehicle is aligned within yellow-marked parking space; no boundary crossing or aisle intrusion observed.""}","The white sedan is clearly positioned within a marked parking bay, bounded by yellow lines on both sides, with no visible intrusion into travel aisles or crossing of bay boundaries.",00_raw/ai_generated/images/20260902_ai_generated_parking_order_violation_pov_b1_397/IMG_007564.png,positive,46,train,ok
"White painted parking bay lines clearly enclose the silver sedan, and the vehicle is positioned entirely within these boundaries without crossing any lines.",POV_PARKING_B1_P02_CROSS_SINGLE_BOUNDARY_LINE,p02-cross-single-boundary-line,1,,32.977344,IMG_007565,0,86,404554835,476,32917704287,,"{""label"":""0"",""reason"":""The silver sedan is clearly parked within the white-lined parking bay boundaries. Other visible vehicles in the background are also positioned within their respective marked bays. There is no evidence of any vehicle crossing bay boundaries or intruding into travel aisles."",""evidence"":""White painted parking bay lines clearly enclose the silver sedan, and the vehicle is positioned entirely within these boundaries without crossing any lines.""}",The silver sedan is clearly parked within the white-lined parking bay boundaries. Other visible vehicles in the background are also positioned within their respective marked bays. There is no evidence of any vehicle crossing bay boundaries or intruding into travel aisles.,00_raw/ai_generated/images/20260902_ai_generated_parking_order_violation_pov_b1_397/IMG_007565.png,positive,47,train,ok
Visible white painted lines define the parking bay boundaries; the silver car is fully contained within these lines without crossing them or blocking the aisle.,POV_PARKING_B1_P02_CROSS_SINGLE_BOUNDARY_LINE,p02-cross-single-boundary-line,1,,36.556856,IMG_007566,0,92,421648633,476,36497895871,,"{""label"":""0"",""reason"":""The silver sedan is parked within a clearly marked parking bay, aligned with the lane boundaries and not obstructing any travel aisles. The adjacent vehicle is also within its designated space. No evidence of crossing bay boundaries or intruding into non-parking areas is visible."",""evidence"":""Visible white painted lines define the parking bay boundaries; the silver car is fully contained within these lines without crossing them or blocking the aisle.""}","The silver sedan is parked within a clearly marked parking bay, aligned with the lane boundaries and not obstructing any travel aisles. The adjacent vehicle is also within its designated space. No evidence of crossing bay boundaries or intruding into non-parking areas is visible.",00_raw/ai_generated/images/20260902_ai_generated_parking_order_violation_pov_b1_397/IMG_007566.png,positive,48,train,ok
Vehicle is fully contained within marked parking space boundaries,POV_PARKING_B1_P02_CROSS_SINGLE_BOUNDARY_LINE,p02-cross-single-boundary-line,1,,32.916404,IMG_007567,0,50,531542288,476,32858168333,,"{""label"":""0"",""reason"":""The silver sedan is clearly positioned within the white-painted parking bay lines, with no visible intrusion into travel aisles or crossing of bay boundaries."",""evidence"":""Vehicle is fully contained within marked parking space boundaries""}","The silver sedan is clearly positioned within the white-painted parking bay lines, with no visible intrusion into travel aisles or crossing of bay boundaries.",00_raw/ai_generated/images/20260902_ai_generated_parking_order_violation_pov_b1_397/IMG_007567.png,positive,49,train,ok
Vehicle is fully contained within yellow parking bay lines; no boundary crossing or non-parking area intrusion observed.,POV_PARKING_B1_P02_CROSS_SINGLE_BOUNDARY_LINE,p02-cross-single-boundary-line,1,,32.585217,IMG_007568,0,64,492537906,476,32523245329,,"{""label"":""0"",""reason"":""The blue SUV is clearly positioned within the yellow rectangular parking bay markings on the pavement, with no visible intrusion into travel aisles or crossing of bay boundaries."",""evidence"":""Vehicle is fully contained within yellow parking bay lines; no boundary crossing or non-parking area intrusion observed.""}","The blue SUV is clearly positioned within the yellow rectangular parking bay markings on the pavement, with no visible intrusion into travel aisles or crossing of bay boundaries.",00_raw/ai_generated/images/20260902_ai_generated_parking_order_violation_pov_b1_397/IMG_007568.png,positive,50,train,ok
Vehicle is centered within marked parking space; white bay lines are clearly visible and the vehicle does not cross them.,POV_PARKING_B1_P02_CROSS_SINGLE_BOUNDARY_LINE,p02-cross-single-boundary-line,1,,29.419276,IMG_007571,0,64,421139355,476,29358188720,,"{""label"":""0"",""reason"":""The black Ford SUV is clearly positioned within the white-painted parking bay lines, with no visible intrusion into travel aisles or crossing of bay boundaries."",""evidence"":""Vehicle is centered within marked parking space; white bay lines are clearly visible and the vehicle does not cross them.""}","The black Ford SUV is clearly positioned within the white-painted parking bay lines, with no visible intrusion into travel aisles or crossing of bay boundaries.",00_raw/ai_generated/images/20260902_ai_generated_parking_order_violation_pov_b1_397/IMG_007571.png,positive,53,train,ok
Visible white parking bay lines clearly contain both vehicles without any boundary crossing or aisle intrusion.,POV_PARKING_B1_P02_CROSS_SINGLE_BOUNDARY_LINE,p02-cross-single-boundary-line,1,,30.034835,IMG_007572,0,69,405087824,476,29974205466,,"{""label"":""0"",""reason"":""The black Buick SUV is clearly parked within its marked white bay lines, and the silver car behind it is also within its own bay; no vehicles are crossing boundaries or intruding into aisles."",""evidence"":""Visible white parking bay lines clearly contain both vehicles without any boundary crossing or aisle intrusion.""}","The black Buick SUV is clearly parked within its marked white bay lines, and the silver car behind it is also within its own bay; no vehicles are crossing boundaries or intruding into aisles.",00_raw/ai_generated/images/20260902_ai_generated_parking_order_violation_pov_b1_397/IMG_007572.png,positive,54,train,ok
Vehicle is fully contained within marked parking bay lines,POV_PARKING_B1_P02_CROSS_SINGLE_BOUNDARY_LINE,p02-cross-single-boundary-line,1,,26.98102,IMG_007573,0,46,470655638,476,26919603243,,"{""label"":""0"",""reason"":""The black SUV is clearly parked within the white-lined parking bay, with no visible boundary crossing or intrusion into travel aisles."",""evidence"":""Vehicle is fully contained within marked parking bay lines""}","The black SUV is clearly parked within the white-lined parking bay, with no visible boundary crossing or intrusion into travel aisles.",00_raw/ai_generated/images/20260902_ai_generated_parking_order_violation_pov_b1_397/IMG_007573.png,positive,55,train,ok
Vehicle is centered within marked bay lines; no boundary crossing or non-parking area intrusion observed,POV_PARKING_B1_P02_CROSS_SINGLE_BOUNDARY_LINE,p02-cross-single-boundary-line,1,,27.355339,IMG_007574,0,58,465885968,476,27293821219,,"{""label"":""0"",""reason"":""The gray minivan is clearly positioned within the yellow-lined parking bay, with no visible intrusion into travel aisles or crossing of bay boundaries."",""evidence"":""Vehicle is centered within marked bay lines; no boundary crossing or non-parking area intrusion observed""}","The gray minivan is clearly positioned within the yellow-lined parking bay, with no visible intrusion into travel aisles or crossing of bay boundaries.",00_raw/ai_generated/images/20260902_ai_generated_parking_order_violation_pov_b1_397/IMG_007574.png,positive,56,train,ok
Vehicle is fully contained within yellow parking bay markings; no boundary crossing or non-parking area intrusion observed.,POV_PARKING_B1_P02_CROSS_SINGLE_BOUNDARY_LINE,p02-cross-single-boundary-line,1,,26.794137,IMG_007575,0,60,462637875,476,26733183126,,"{""label"":""0"",""reason"":""The vehicle is clearly positioned within the yellow-lined parking bay boundaries, with no visible intrusion into travel aisles or crossing of bay lines."",""evidence"":""Vehicle is fully contained within yellow parking bay markings; no boundary crossing or non-parking area intrusion observed.""}","The vehicle is clearly positioned within the yellow-lined parking bay boundaries, with no visible intrusion into travel aisles or crossing of bay lines.",00_raw/ai_generated/images/20260902_ai_generated_parking_order_violation_pov_b1_397/IMG_007575.png,positive,57,train,ok
Vehicle is aligned within yellow-lined parking bay; no boundary crossing or aisle intrusion observed,POV_PARKING_B1_P02_CROSS_SINGLE_BOUNDARY_LINE,p02-cross-single-boundary-line,1,,25.88187,IMG_007576,0,62,446220673,476,25818167417,,"{""label"":""0"",""reason"":""The gray minivan is positioned within a clearly marked parking bay, bounded by yellow lines on both sides, with no visible intrusion into travel lanes or crossing of bay boundaries."",""evidence"":""Vehicle is aligned within yellow-lined parking bay; no boundary crossing or aisle intrusion observed""}","The gray minivan is positioned within a clearly marked parking bay, bounded by yellow lines on both sides, with no visible intrusion into travel lanes or crossing of bay boundaries.",00_raw/ai_generated/images/20260902_ai_generated_parking_order_violation_pov_b1_397/IMG_007576.png,positive,58,train,ok
Vehicle is centered in a marked parking space with clear white boundary lines on both sides and front.,POV_PARKING_B1_P02_CROSS_SINGLE_BOUNDARY_LINE,p02-cross-single-boundary-line,1,,27.495925,IMG_007577,0,61,512553996,476,27432824448,,"{""label"":""0"",""reason"":""The white van is clearly positioned within the boundaries of a single marked parking bay, with no visible intrusion into travel aisles or crossing of bay lines."",""evidence"":""Vehicle is centered in a marked parking space with clear white boundary lines on both sides and front.""}","The white van is clearly positioned within the boundaries of a single marked parking bay, with no visible intrusion into travel aisles or crossing of bay lines.",00_raw/ai_generated/images/20260902_ai_generated_parking_order_violation_pov_b1_397/IMG_007577.png,positive,59,train,ok
Vehicle is fully contained within one marked parking space; no boundary crossing or aisle intrusion observed.,POV_PARKING_B1_P02_CROSS_SINGLE_BOUNDARY_LINE,p02-cross-single-boundary-line,1,,27.378087,IMG_007578,0,60,403581057,476,27313898537,,"{""label"":""0"",""reason"":""The white van is clearly positioned within the boundaries of a single marked parking bay, with no visible intrusion into travel aisles or crossing of bay lines."",""evidence"":""Vehicle is fully contained within one marked parking space; no boundary crossing or aisle intrusion observed.""}","The white van is clearly positioned within the boundaries of a single marked parking bay, with no visible intrusion into travel aisles or crossing of bay lines.",00_raw/ai_generated/images/20260902_ai_generated_parking_order_violation_pov_b1_397/IMG_007578.png,positive,60,train,ok
Vehicle is fully contained within single marked parking bay lines,POV_PARKING_B1_P02_CROSS_SINGLE_BOUNDARY_LINE,p02-cross-single-boundary-line,1,,27.45157,IMG_007579,0,58,399459146,476,27390526134,,"{""label"":""0"",""reason"":""The white van is positioned within a clearly marked parking bay, aligned with the white painted lines, and does not appear to cross any bay boundaries or intrude into a travel aisle."",""evidence"":""Vehicle is fully contained within single marked parking bay lines""}","The white van is positioned within a clearly marked parking bay, aligned with the white painted lines, and does not appear to cross any bay boundaries or intrude into a travel aisle.",00_raw/ai_generated/images/20260902_ai_generated_parking_order_violation_pov_b1_397/IMG_007579.png,positive,61,train,ok
Visible yellow bay lines contain the vehicle; no boundary crossing or non-parking intrusion is evident.,POV_PARKING_B1_P02_CROSS_SINGLE_BOUNDARY_LINE,p02-cross-single-boundary-line,1,,27.376697,IMG_007580,0,61,434479312,476,27314738054,,"{""label"":""0"",""reason"":""The main vehicle is centered within a clearly marked parking bay, and no other visible vehicles are shown crossing bay boundaries or intruding into travel aisles."",""evidence"":""Visible yellow bay lines contain the vehicle; no boundary crossing or non-parking intrusion is evident.""}","The main vehicle is centered within a clearly marked parking bay, and no other visible vehicles are shown crossing bay boundaries or intruding into travel aisles.",00_raw/ai_generated/images/20260902_ai_generated_parking_order_violation_pov_b1_397/IMG_007580.png,positive,62,train,ok
Visible yellow bay lines contain the vehicles; no boundary crossing or aisle intrusion is observed.,POV_PARKING_B1_P02_CROSS_SINGLE_BOUNDARY_LINE,p02-cross-single-boundary-line,1,,26.263997,IMG_007581,0,51,339123847,476,26202403140,,"{""label"":""0"",""reason"":""The main vehicle is clearly parked within a marked bay, and background vehicles are also within their respective bays."",""evidence"":""Visible yellow bay lines contain the vehicles; no boundary crossing or aisle intrusion is observed.""}","The main vehicle is clearly parked within a marked bay, and background vehicles are also within their respective bays.",00_raw/ai_generated/images/20260902_ai_generated_parking_order_violation_pov_b1_397/IMG_007581.png,positive,63,train,ok
Visible yellow parking bay lines contain the main vehicle; no boundary crossing or non-parking area intrusion is observed.,POV_PARKING_B1_P02_CROSS_SINGLE_BOUNDARY_LINE,p02-cross-single-boundary-line,1,,28.741989,IMG_007582,0,89,470990898,476,28679068969,,"{""label"":""0"",""reason"":""The black pickup truck is positioned within a clearly marked yellow parking bay, with no visible intrusion into travel aisles or crossing of bay boundaries. Other vehicles in the background also appear to be parked within their respective marked bays. The scene shows orderly parking without evidence of violation."",""evidence"":""Visible yellow parking bay lines contain the main vehicle; no boundary crossing or non-parking area intrusion is observed.""}","The black pickup truck is positioned within a clearly marked yellow parking bay, with no visible intrusion into travel aisles or crossing of bay boundaries. Other vehicles in the background also appear to be parked within their respective marked bays. The scene shows orderly parking without evidence of violation.",00_raw/ai_generated/images/20260902_ai_generated_parking_order_violation_pov_b1_397/IMG_007582.png,positive,64,train,ok
Vehicle is centered within marked parking space; white lane lines are visible on both sides and the car does not cross them.,POV_PARKING_B1_P02_CROSS_SINGLE_BOUNDARY_LINE,p02-cross-single-boundary-line,1,,29.367188,IMG_007583,0,65,414471959,476,29308748998,,"{""label"":""0"",""reason"":""The red Volkswagen is clearly positioned within the white-painted parking bay lines, with no visible intrusion into travel aisles or crossing of bay boundaries."",""evidence"":""Vehicle is centered within marked parking space; white lane lines are visible on both sides and the car does not cross them.""}","The red Volkswagen is clearly positioned within the white-painted parking bay lines, with no visible intrusion into travel aisles or crossing of bay boundaries.",00_raw/ai_generated/images/20260902_ai_generated_parking_order_violation_pov_b1_397/IMG_007583.png,positive,65,train,ok
Red car is fully contained within parking bay lines; white car is in adjacent bay; no boundary crossing or aisle intrusion observed.,POV_PARKING_B1_P02_CROSS_SINGLE_BOUNDARY_LINE,p02-cross-single-boundary-line,1,,31.662919,IMG_007584,0,82,409757846,476,31601477547,,"{""label"":""0"",""reason"":""The red Ford Focus is clearly parked within its designated parking bay, aligned with the white painted lines. The white SUV is also parked within its own bay. No vehicles are crossing bay boundaries or intruding into travel aisles."",""evidence"":""Red car is fully contained within parking bay lines; white car is in adjacent bay; no boundary crossing or aisle intrusion observed.""}","The red Ford Focus is clearly parked within its designated parking bay, aligned with the white painted lines. The white SUV is also parked within its own bay. No vehicles are crossing bay boundaries or intruding into travel aisles.",00_raw/ai_generated/images/20260902_ai_generated_parking_order_violation_pov_b1_397/IMG_007584.png,positive,66,train,ok
Visible white parking bay lines clearly contain both vehicles without any boundary crossing or intrusion into non-parking areas.,POV_PARKING_B1_P02_CROSS_SINGLE_BOUNDARY_LINE,p02-cross-single-boundary-line,1,,33.308834,IMG_007585,0,70,409098078,476,33250757523,,"{""label"":""0"",""reason"":""The red car is clearly parked within a marked white-lined bay, and the white car is also within its own bay; no vehicles are crossing boundaries or intruding into travel aisles."",""evidence"":""Visible white parking bay lines clearly contain both vehicles without any boundary crossing or intrusion into non-parking areas.""}","The red car is clearly parked within a marked white-lined bay, and the white car is also within its own bay; no vehicles are crossing boundaries or intruding into travel aisles.",00_raw/ai_generated/images/20260902_ai_generated_parking_order_violation_pov_b1_397/IMG_007585.png,positive,67,train,ok
Vehicle is centered in a single marked bay with visible yellow lines on both sides; no boundary crossing or aisle intrusion observed.,POV_PARKING_B1_P02_CROSS_SINGLE_BOUNDARY_LINE,p02-cross-single-boundary-line,1,,31.86489,IMG_007586,0,72,379630506,476,31806282648,,"{""label"":""0"",""reason"":""The white vehicle is clearly positioned within a marked parking bay, aligned with yellow boundary lines on the ground, showing no evidence of crossing bay boundaries or intruding into travel aisles."",""evidence"":""Vehicle is centered in a single marked bay with visible yellow lines on both sides; no boundary crossing or aisle intrusion observed.""}","The white vehicle is clearly positioned within a marked parking bay, aligned with yellow boundary lines on the ground, showing no evidence of crossing bay boundaries or intruding into travel aisles.",00_raw/ai_generated/images/20260902_ai_generated_parking_order_violation_pov_b1_397/IMG_007586.png,positive,68,train,ok
White car parked inside marked bay; yellow boundary lines visible on both sides; no vehicle crossing bay or entering travel lane,POV_PARKING_B1_P02_CROSS_SINGLE_BOUNDARY_LINE,p02-cross-single-boundary-line,1,,34.156258,IMG_007587,0,87,393689034,476,34096349293,,"{""label"":""0"",""reason"":""The white vehicle is clearly positioned within a marked parking bay, bounded by yellow lines on both sides and aligned with the parking geometry. No other vehicles are seen crossing bay boundaries or intruding into travel aisles. The scene shows no evidence of parking order violations."",""evidence"":""White car parked inside marked bay; yellow boundary lines visible on both sides; no vehicle crossing bay or entering travel lane""}","The white vehicle is clearly positioned within a marked parking bay, bounded by yellow lines on both sides and aligned with the parking geometry. No other vehicles are seen crossing bay boundaries or intruding into travel aisles. The scene shows no evidence of parking order violations.",00_raw/ai_generated/images/20260902_ai_generated_parking_order_violation_pov_b1_397/IMG_007587.png,positive,69,train,ok
White car is fully contained within yellow-lined parking bay; no boundary crossing or aisle intrusion observed.,POV_PARKING_B1_P02_CROSS_SINGLE_BOUNDARY_LINE,p02-cross-single-boundary-line,1,,33.929773,IMG_007588,0,83,442691968,476,33871546424,,"{""label"":""0"",""reason"":""The white vehicle is clearly positioned within a marked parking bay, aligned with the yellow boundary lines, and not intruding into any travel aisle or crossing bay boundaries. Other visible vehicles are also within their respective bays. No evidence of parking order violation is present."",""evidence"":""White car is fully contained within yellow-lined parking bay; no boundary crossing or aisle intrusion observed.""}","The white vehicle is clearly positioned within a marked parking bay, aligned with the yellow boundary lines, and not intruding into any travel aisle or crossing bay boundaries. Other visible vehicles are also within their respective bays. No evidence of parking order violation is present.",00_raw/ai_generated/images/20260902_ai_generated_parking_order_violation_pov_b1_397/IMG_007588.png,positive,70,train,ok
Vehicle is centered within marked parking space; no boundary crossing or aisle intrusion observed,POV_PARKING_B1_P02_CROSS_SINGLE_BOUNDARY_LINE,p02-cross-single-boundary-line,1,,32.976393,IMG_007589,0,55,428222785,476,32917538852,,"{""label"":""0"",""reason"":""The white car is clearly positioned within the white-painted parking bay lines, with no visible intrusion into travel lanes or crossing of bay boundaries."",""evidence"":""Vehicle is centered within marked parking space; no boundary crossing or aisle intrusion observed""}","The white car is clearly positioned within the white-painted parking bay lines, with no visible intrusion into travel lanes or crossing of bay boundaries.",00_raw/ai_generated/images/20260902_ai_generated_parking_order_violation_pov_b1_397/IMG_007589.png,positive,71,train,ok
Vehicle is positioned inside a marked parking space with clear lane boundaries visible on both sides.,POV_PARKING_B1_P02_CROSS_SINGLE_BOUNDARY_LINE,p02-cross-single-boundary-line,1,,31.552547,IMG_007590,0,58,386180335,476,31491361775,,"{""label"":""0"",""reason"":""The white car is parked within a clearly marked parking bay, aligned with the lane boundaries and not crossing any visible travel aisles or bay limits."",""evidence"":""Vehicle is positioned inside a marked parking space with clear lane boundaries visible on both sides.""}","The white car is parked within a clearly marked parking bay, aligned with the lane boundaries and not crossing any visible travel aisles or bay limits.",00_raw/ai_generated/images/20260902_ai_generated_parking_order_violation_pov_b1_397/IMG_007590.png,positive,72,train,ok
Visible white sedan parked inside marked bay; clear lane markings; no boundary crossing or aisle intrusion observed.,POV_PARKING_B1_P02_CROSS_SINGLE_BOUNDARY_LINE,p02-cross-single-boundary-line,1,,32.083808,IMG_007591,0,85,499708310,476,32023162238,,"{""label"":""0"",""reason"":""The white sedan is parked within a clearly marked parking bay, aligned with the lane and not crossing any boundaries or intruding into the travel aisle. The second vehicle in the distance also appears to be within its designated bay. No evidence of parking order violation is visible."",""evidence"":""Visible white sedan parked inside marked bay; clear lane markings; no boundary crossing or aisle intrusion observed.""}","The white sedan is parked within a clearly marked parking bay, aligned with the lane and not crossing any boundaries or intruding into the travel aisle. The second vehicle in the distance also appears to be within its designated bay. No evidence of parking order violation is visible.",00_raw/ai_generated/images/20260902_ai_generated_parking_order_violation_pov_b1_397/IMG_007591.png,positive,73,train,ok
Vehicle is centered within a single marked parking space with visible yellow boundary lines on both sides.,POV_PARKING_B1_P02_CROSS_SINGLE_BOUNDARY_LINE,p02-cross-single-boundary-line,1,,30.460287,IMG_007592,0,64,418999047,476,30399990554,,"{""label"":""0"",""reason"":""The silver sedan is clearly positioned within a marked parking bay, aligned with the yellow boundary lines, showing no evidence of crossing bay boundaries or intruding into travel aisles."",""evidence"":""Vehicle is centered within a single marked parking space with visible yellow boundary lines on both sides.""}","The silver sedan is clearly positioned within a marked parking bay, aligned with the yellow boundary lines, showing no evidence of crossing bay boundaries or intruding into travel aisles.",00_raw/ai_generated/images/20260902_ai_generated_parking_order_violation_pov_b1_397/IMG_007592.png,positive,74,train,ok
Vehicle is fully contained within marked bay geometry; yellow lines are visible and the car does not cross them.,POV_PARKING_B1_P02_CROSS_SINGLE_BOUNDARY_LINE,p02-cross-single-boundary-line,1,,31.588087,IMG_007593,0,67,393310607,476,31527423142,,"{""label"":""0"",""reason"":""The silver sedan is positioned within a clearly marked parking bay, aligned with the yellow boundary lines, showing no evidence of crossing bay boundaries or intruding into travel aisles."",""evidence"":""Vehicle is fully contained within marked bay geometry; yellow lines are visible and the car does not cross them.""}","The silver sedan is positioned within a clearly marked parking bay, aligned with the yellow boundary lines, showing no evidence of crossing bay boundaries or intruding into travel aisles.",00_raw/ai_generated/images/20260902_ai_generated_parking_order_violation_pov_b1_397/IMG_007593.png,positive,75,train,ok
Visible yellow parking bay lines contain all vehicles; no boundary crossing or aisle intrusion observed.,POV_PARKING_B1_P05_MULTI_VEHICLE_AT_LEAST_ONE_VIOLATION,p05-multi-vehicle-at-least-one-violation,1,,31.705265,IMG_007647,0,58,454315891,476,31637550972,,"{""label"":""0"",""reason"":""All three visible vehicles are positioned within clearly marked yellow-lined parking bays, with no evidence of crossing boundaries or intruding into travel aisles."",""evidence"":""Visible yellow parking bay lines contain all vehicles; no boundary crossing or aisle intrusion observed.""}","All three visible vehicles are positioned within clearly marked yellow-lined parking bays, with no evidence of crossing boundaries or intruding into travel aisles.",00_raw/ai_generated/images/20260902_ai_generated_parking_order_violation_pov_b1_397/IMG_007647.png,positive,131,train,ok
Black SUV and white sedan are both fully contained within their respective yellow-lined parking bays.,POV_PARKING_B1_P05_MULTI_VEHICLE_AT_LEAST_ONE_VIOLATION,p05-multi-vehicle-at-least-one-violation,1,,28.182676,IMG_007648,0,56,419432389,476,28120647743,,"{""label"":""0"",""reason"":""All visible vehicles are parked within clearly marked yellow bay lines, with no evidence of crossing boundaries or intruding into travel aisles."",""evidence"":""Black SUV and white sedan are both fully contained within their respective yellow-lined parking bays.""}","All visible vehicles are parked within clearly marked yellow bay lines, with no evidence of crossing boundaries or intruding into travel aisles.",00_raw/ai_generated/images/20260902_ai_generated_parking_order_violation_pov_b1_397/IMG_007648.png,positive,132,train,ok
Vehicles are parked in a row within marked bays; yellow lines delineate individual parking spaces; no vehicle is seen crossing a bay boundary or occupying a travel lane.,POV_PARKING_B1_P05_MULTI_VEHICLE_AT_LEAST_ONE_VIOLATION,p05-multi-vehicle-at-least-one-violation,1,,29.944371,IMG_007649,0,80,373195733,476,29882005699,,"{""label"":""0"",""reason"":""All visible vehicles are positioned within clearly marked parking bays, aligned with yellow boundary lines, and show no evidence of crossing bay boundaries or intruding into travel aisles."",""evidence"":""Vehicles are parked in a row within marked bays; yellow lines delineate individual parking spaces; no vehicle is seen crossing a bay boundary or occupying a travel lane.""}","All visible vehicles are positioned within clearly marked parking bays, aligned with yellow boundary lines, and show no evidence of crossing bay boundaries or intruding into travel aisles.",00_raw/ai_generated/images/20260902_ai_generated_parking_order_violation_pov_b1_397/IMG_007649.png,positive,133,train,ok
Each car is centered in its own marked bay with visible white lines defining the parking spaces.,POV_PARKING_B1_P05_MULTI_VEHICLE_AT_LEAST_ONE_VIOLATION,p05-multi-vehicle-at-least-one-violation,1,,29.492177,IMG_007650,0,63,453483886,476,29429451277,,"{""label"":""0"",""reason"":""All visible vehicles are positioned within clearly marked parking bays, aligned with lane boundaries, and show no evidence of crossing bay lines or intruding into travel aisles."",""evidence"":""Each car is centered in its own marked bay with visible white lines defining the parking spaces.""}","All visible vehicles are positioned within clearly marked parking bays, aligned with lane boundaries, and show no evidence of crossing bay lines or intruding into travel aisles.",00_raw/ai_generated/images/20260902_ai_generated_parking_order_violation_pov_b1_397/IMG_007650.png,positive,134,train,ok
White parking bay lines are clearly visible; all cars are positioned inside their respective bays without crossing boundaries.,POV_PARKING_B1_P05_MULTI_VEHICLE_AT_LEAST_ONE_VIOLATION,p05-multi-vehicle-at-least-one-violation,1,,30.74507,IMG_007651,0,66,423558407,476,30682039462,,"{""label"":""0"",""reason"":""All visible vehicles are parked within clearly marked parking bays, aligned with white boundary lines, showing no evidence of crossing bay boundaries or intruding into travel aisles."",""evidence"":""White parking bay lines are clearly visible; all cars are positioned inside their respective bays without crossing boundaries.""}","All visible vehicles are parked within clearly marked parking bays, aligned with white boundary lines, showing no evidence of crossing bay boundaries or intruding into travel aisles.",00_raw/ai_generated/images/20260902_ai_generated_parking_order_violation_pov_b1_397/IMG_007651.png,positive,135,train,ok
White and gray vehicles are parked inside marked rectangular bays; no vehicle crosses bay boundaries or occupies non-parking areas.,POV_PARKING_B1_P05_MULTI_VEHICLE_AT_LEAST_ONE_VIOLATION,p05-multi-vehicle-at-least-one-violation,1,,31.317603,IMG_007652,0,66,391142030,476,31255121518,,"{""label"":""0"",""reason"":""All visible vehicles are positioned within clearly marked parking bays, aligned with bay boundaries, and not intruding into travel aisles or crossing bay lines."",""evidence"":""White and gray vehicles are parked inside marked rectangular bays; no vehicle crosses bay boundaries or occupies non-parking areas.""}","All visible vehicles are positioned within clearly marked parking bays, aligned with bay boundaries, and not intruding into travel aisles or crossing bay lines.",00_raw/ai_generated/images/20260902_ai_generated_parking_order_violation_pov_b1_397/IMG_007652.png,positive,136,train,ok
Visible yellow parking bay lines contain all vehicles; no vehicle is seen crossing boundaries or occupying non-parking areas.,POV_PARKING_B1_P05_MULTI_VEHICLE_AT_LEAST_ONE_VIOLATION,p05-multi-vehicle-at-least-one-violation,1,,29.326488,IMG_007653,0,65,524413653,476,29263623351,,"{""label"":""0"",""reason"":""All visible vehicles are positioned within clearly marked yellow bay boundaries on the paved surface, with no evidence of crossing bay lines or intruding into travel aisles."",""evidence"":""Visible yellow parking bay lines contain all vehicles; no vehicle is seen crossing boundaries or occupying non-parking areas.""}","All visible vehicles are positioned within clearly marked yellow bay boundaries on the paved surface, with no evidence of crossing bay lines or intruding into travel aisles.",00_raw/ai_generated/images/20260902_ai_generated_parking_order_violation_pov_b1_397/IMG_007653.png,positive,137,train,ok
White van and all adjacent cars are fully contained within their respective yellow-lined parking bays.,POV_PARKING_B1_P05_MULTI_VEHICLE_AT_LEAST_ONE_VIOLATION,p05-multi-vehicle-at-least-one-violation,1,,28.366388,IMG_007654,0,55,439655575,476,28306607417,,"{""label"":""0"",""reason"":""All visible vehicles are parked within clearly marked yellow bay lines; no vehicle crosses a boundary or intrudes into a travel aisle."",""evidence"":""White van and all adjacent cars are fully contained within their respective yellow-lined parking bays.""}",All visible vehicles are parked within clearly marked yellow bay lines; no vehicle crosses a boundary or intrudes into a travel aisle.,00_raw/ai_generated/images/20260902_ai_generated_parking_order_violation_pov_b1_397/IMG_007654.png,positive,138,train,ok
Visible yellow bay lines contain all visible vehicles; no boundary crossing or non-parking intrusion is evident.,POV_PARKING_B1_P05_MULTI_VEHICLE_AT_LEAST_ONE_VIOLATION,p05-multi-vehicle-at-least-one-violation,1,,27.932368,IMG_007655,0,73,377792267,476,27870496564,,"{""label"":""0"",""reason"":""The white van is parked within a clearly marked yellow-lined bay, and the white sedan to its right is also within its own marked bay. No vehicles are crossing boundaries or intruding into travel aisles."",""evidence"":""Visible yellow bay lines contain all visible vehicles; no boundary crossing or non-parking intrusion is evident.""}","The white van is parked within a clearly marked yellow-lined bay, and the white sedan to its right is also within its own marked bay. No vehicles are crossing boundaries or intruding into travel aisles.",00_raw/ai_generated/images/20260902_ai_generated_parking_order_violation_pov_b1_397/IMG_007655.png,positive,139,train,ok
White painted bay lines are visible on the ground; all vehicles are positioned within their respective marked spaces.,POV_PARKING_B1_P05_MULTI_VEHICLE_AT_LEAST_ONE_VIOLATION,p05-multi-vehicle-at-least-one-violation,1,,27.474208,IMG_007656,0,60,411651575,476,27410213235,,"{""label"":""0"",""reason"":""All three visible vehicles are parked within clearly marked parking bays, with no evidence of crossing bay boundaries or intruding into travel aisles."",""evidence"":""White painted bay lines are visible on the ground; all vehicles are positioned within their respective marked spaces.""}","All three visible vehicles are parked within clearly marked parking bays, with no evidence of crossing bay boundaries or intruding into travel aisles.",00_raw/ai_generated/images/20260902_ai_generated_parking_order_violation_pov_b1_397/IMG_007656.png,positive,140,train,ok
"Visible white parking bay lines clearly define the parking spaces; the pickup truck is fully contained within one such bay, and the SUV is similarly positioned in an adjacent bay.",POV_PARKING_B1_P05_MULTI_VEHICLE_AT_LEAST_ONE_VIOLATION,p05-multi-vehicle-at-least-one-violation,1,,30.567645,IMG_007657,0,92,372425716,476,30505229357,,"{""label"":""0"",""reason"":""The dark pickup truck is parked within a clearly marked parking bay, aligned with the white painted lines. The white SUV behind it is also parked within its designated bay. No vehicles are crossing bay boundaries or intruding into travel aisles."",""evidence"":""Visible white parking bay lines clearly define the parking spaces; the pickup truck is fully contained within one such bay, and the SUV is similarly positioned in an adjacent bay.""}","The dark pickup truck is parked within a clearly marked parking bay, aligned with the white painted lines. The white SUV behind it is also parked within its designated bay. No vehicles are crossing bay boundaries or intruding into travel aisles.",00_raw/ai_generated/images/20260902_ai_generated_parking_order_violation_pov_b1_397/IMG_007657.png,positive,141,train,ok
"White painted bay lines clearly contain all three vehicles (SUV, sedan, and pickup truck) within their respective parking spaces.",POV_PARKING_B1_P05_MULTI_VEHICLE_AT_LEAST_ONE_VIOLATION,p05-multi-vehicle-at-least-one-violation,1,,30.901194,IMG_007658,0,62,420694241,476,30835181865,,"{""label"":""0"",""reason"":""All visible vehicles are parked within clearly marked parking bays; no vehicle crosses bay boundaries or intrudes into travel aisles."",""evidence"":""White painted bay lines clearly contain all three vehicles (SUV, sedan, and pickup truck) within their respective parking spaces.""}",All visible vehicles are parked within clearly marked parking bays; no vehicle crosses bay boundaries or intrudes into travel aisles.,00_raw/ai_generated/images/20260902_ai_generated_parking_order_violation_pov_b1_397/IMG_007658.png,positive,142,train,ok
Red Ford Focus is centered in its marked bay; adjacent grey and blue vehicles are also within their respective bays; yellow lane markings are visible and un-crossed by any vehicle.,POV_PARKING_B1_P05_MULTI_VEHICLE_AT_LEAST_ONE_VIOLATION,p05-multi-vehicle-at-least-one-violation,1,,31.404459,IMG_007659,0,75,428459774,476,31342034130,,"{""label"":""0"",""reason"":""All visible vehicles are positioned within clearly marked parking bays, with no evidence of crossing bay boundaries or intruding into travel aisles."",""evidence"":""Red Ford Focus is centered in its marked bay; adjacent grey and blue vehicles are also within their respective bays; yellow lane markings are visible and un-crossed by any vehicle.""}","All visible vehicles are positioned within clearly marked parking bays, with no evidence of crossing bay boundaries or intruding into travel aisles.",00_raw/ai_generated/images/20260902_ai_generated_parking_order_violation_pov_b1_397/IMG_007659.png,positive,143,train,ok
"Red Mazda, white SUV, and gray sedan are all aligned within their respective marked parking spaces with no boundary crossing observed.",POV_PARKING_B1_P05_MULTI_VEHICLE_AT_LEAST_ONE_VIOLATION,p05-multi-vehicle-at-least-one-violation,1,,31.173274,IMG_007660,0,60,381576118,476,31111269030,,"{""label"":""0"",""reason"":""All visible vehicles are parked within clearly marked yellow bay lines; no vehicle crosses boundaries or intrudes into travel aisles."",""evidence"":""Red Mazda, white SUV, and gray sedan are all aligned within their respective marked parking spaces with no boundary crossing observed.""}",All visible vehicles are parked within clearly marked yellow bay lines; no vehicle crosses boundaries or intrudes into travel aisles.,00_raw/ai_generated/images/20260902_ai_generated_parking_order_violation_pov_b1_397/IMG_007660.png,positive,144,train,ok
Red car is fully inside its marked bay; white car is aligned within its bay; yellow lines clearly define parking boundaries and no vehicle crosses them.,POV_PARKING_B1_P05_MULTI_VEHICLE_AT_LEAST_ONE_VIOLATION,p05-multi-vehicle-at-least-one-violation,1,,28.03967,IMG_007661,0,69,442252220,476,27979011785,,"{""label"":""0"",""reason"":""All visible vehicles are positioned within clearly marked yellow-lined parking bays, with no evidence of crossing boundaries or intruding into travel aisles."",""evidence"":""Red car is fully inside its marked bay; white car is aligned within its bay; yellow lines clearly define parking boundaries and no vehicle crosses them.""}","All visible vehicles are positioned within clearly marked yellow-lined parking bays, with no evidence of crossing boundaries or intruding into travel aisles.",00_raw/ai_generated/images/20260902_ai_generated_parking_order_violation_pov_b1_397/IMG_007661.png,positive,145,train,ok
"White parking lines clearly demarcate individual bays, and all cars are positioned inside their respective marked spaces.",POV_PARKING_B1_P05_MULTI_VEHICLE_AT_LEAST_ONE_VIOLATION,p05-multi-vehicle-at-least-one-violation,1,,27.772707,IMG_007662,0,61,388745729,476,27712814440,,"{""label"":""0"",""reason"":""All visible vehicles are parked within clearly marked parking bays; no vehicle is shown crossing bay boundaries or intruding into travel aisles."",""evidence"":""White parking lines clearly demarcate individual bays, and all cars are positioned inside their respective marked spaces.""}",All visible vehicles are parked within clearly marked parking bays; no vehicle is shown crossing bay boundaries or intruding into travel aisles.,00_raw/ai_generated/images/20260902_ai_generated_parking_order_violation_pov_b1_397/IMG_007662.png,positive,146,train,ok
White car is fully contained within single marked bay; no boundary crossing or aisle intrusion visible.,POV_PARKING_B1_P05_MULTI_VEHICLE_AT_LEAST_ONE_VIOLATION,p05-multi-vehicle-at-least-one-violation,1,,27.700229,IMG_007663,0,75,426391839,476,27640724560,,"{""label"":""0"",""reason"":""The white vehicle is clearly positioned within a marked parking bay, aligned with the white painted lines. No other vehicles are visibly crossing bay boundaries or intruding into travel aisles. The scene shows orderly parking without evidence of violation."",""evidence"":""White car is fully contained within single marked bay; no boundary crossing or aisle intrusion visible.""}","The white vehicle is clearly positioned within a marked parking bay, aligned with the white painted lines. No other vehicles are visibly crossing bay boundaries or intruding into travel aisles. The scene shows orderly parking without evidence of violation.",00_raw/ai_generated/images/20260902_ai_generated_parking_order_violation_pov_b1_397/IMG_007663.png,positive,147,train,ok
White SUV and adjacent cars are aligned within white-painted parking spaces; no vehicle crosses lane lines or occupies non-parking areas.,POV_PARKING_B1_P05_MULTI_VEHICLE_AT_LEAST_ONE_VIOLATION,p05-multi-vehicle-at-least-one-violation,1,,28.39529,IMG_007664,0,65,412026350,476,28333840742,,"{""label"":""0"",""reason"":""All visible vehicles are parked within clearly marked parking bays, with no evidence of crossing bay boundaries or intruding into travel aisles."",""evidence"":""White SUV and adjacent cars are aligned within white-painted parking spaces; no vehicle crosses lane lines or occupies non-parking areas.""}","All visible vehicles are parked within clearly marked parking bays, with no evidence of crossing bay boundaries or intruding into travel aisles.",00_raw/ai_generated/images/20260902_ai_generated_parking_order_violation_pov_b1_397/IMG_007664.png,positive,148,train,ok
Visible yellow parking bay lines clearly contain all three vehicles; no vehicle extends beyond its designated bay boundaries.,POV_PARKING_B1_P05_MULTI_VEHICLE_AT_LEAST_ONE_VIOLATION,p05-multi-vehicle-at-least-one-violation,1,,28.604287,IMG_007665,0,68,407735788,476,28536383520,,"{""label"":""0"",""reason"":""All three visible vehicles are clearly positioned within their respective marked parking bays, aligned with yellow boundary lines, showing no evidence of crossing bay boundaries or intruding into travel aisles."",""evidence"":""Visible yellow parking bay lines clearly contain all three vehicles; no vehicle extends beyond its designated bay boundaries.""}","All three visible vehicles are clearly positioned within their respective marked parking bays, aligned with yellow boundary lines, showing no evidence of crossing bay boundaries or intruding into travel aisles.",00_raw/ai_generated/images/20260902_ai_generated_parking_order_violation_pov_b1_397/IMG_007665.png,positive,149,train,ok
Visible yellow bay lines frame the white car; it is positioned squarely within the marked parking space without crossing boundaries or occupying non-parking areas.,POV_PARKING_B1_P05_MULTI_VEHICLE_AT_LEAST_ONE_VIOLATION,p05-multi-vehicle-at-least-one-violation,1,,29.575393,IMG_007666,0,70,370106142,476,29511919385,,"{""label"":""0"",""reason"":""The white sedan is clearly parked within its designated bay, aligned with the yellow parking lines and not crossing any boundaries or intruding into travel aisles."",""evidence"":""Visible yellow bay lines frame the white car; it is positioned squarely within the marked parking space without crossing boundaries or occupying non-parking areas.""}","The white sedan is clearly parked within its designated bay, aligned with the yellow parking lines and not crossing any boundaries or intruding into travel aisles.",00_raw/ai_generated/images/20260902_ai_generated_parking_order_violation_pov_b1_397/IMG_007666.png,positive,150,train,ok
