media_id,group_key,split,split_seed,allocation_key_sha256
IMG_007533,p01-outside-legal-bay-clear,DEV,20260908,168f84695b1a5c1b01a29eb33c8ace8207a3ffa9cfbd45adef44c05fdf072559
IMG_007552,p01-outside-legal-bay-clear,DEV,20260908,1782070f98c11e8ef6846f0b6b4a03636d43d05938b433c12b311473afeb5406
IMG_007555,p01-outside-legal-bay-clear,DEV,20260908,181a696440d23ed1b1eadbf2423efda84651decae164d0dfc1285e1a483dd3eb
IMG_007530,p01-outside-legal-bay-clear,DEV,20260908,182dcacea15a105df37d33edfaca594dfe1535b5e14eae3284904dccea679390
IMG_007520,p01-outside-legal-bay-clear,DEV,20260908,1be02575b2aa1925509e61ee49ad7657f4462a12218728633b1a4ee82fa98db9
IMG_007548,p01-outside-legal-bay-clear,DEV,20260908,1c13d5675ec28de22adf193f80d24466d4033c184e51b61f9a2be246c85c93ba
IMG_007541,p01-outside-legal-bay-clear,DEV,20260908,1e928394611a7c81139faf1a07cbe00d65e3b1641f27885cb8829350d6382da8
IMG_007531,p01-outside-legal-bay-clear,DEV,20260908,1f772d6d4f4145416019b7d78cbc4de55ba6f311b6a3130e187f023f21b3873c
IMG_007535,p01-outside-legal-bay-clear,DEV,20260908,30ec6c3f7d737d11f21d6bf963398f773b406450288c586b3761a3bda67d6a11
IMG_007534,p01-outside-legal-bay-clear,DEV,20260908,35561360f87dc2ceeed9b0e59a5933b3fc7e6daffde5b6aba315d67271afd769
IMG_007551,p01-outside-legal-bay-clear,DEV,20260908,3dbbf69e2f295842ae6249f057bc333189068727c06fbb5723840d29398f690e
IMG_007529,p01-outside-legal-bay-clear,DEV,20260908,3f9fc2b5e0a59f3119ce4414dcbeb98ef63e56dd0488632a0f29b1dad6ec11b8
IMG_007556,p01-outside-legal-bay-clear,DEV,20260908,42eba0123c1006be87b493d84873ab8655dda17d5abec3a5009e1f8f781b4934
IMG_007547,p01-outside-legal-bay-clear,DEV,20260908,4498c70fb8bc8aea24d3beaab4933e91aa35db400909d37fa8aaafc4a306d422
IMG_007554,p01-outside-legal-bay-clear,DEV,20260908,44bf0c8eb9401288eafa718581353ff2a5b09ce8f32f5aaa6ce92ce4ea734a18
IMG_007549,p01-outside-legal-bay-clear,DEV,20260908,468b9c58243c3e3b14a4bd14e23d7c9295fe757442bb1781e936649edd235e62
IMG_007542,p01-outside-legal-bay-clear,DEV,20260908,46d587cd67089fe114a451152507063a430a922a99f73e45359c8902aaec87fc
IMG_007558,p01-outside-legal-bay-clear,DEV,20260908,54d1df85de74c301e0b2316c11a03c80dc3c0388cc62b4f99b261f116ed36363
IMG_007527,p01-outside-legal-bay-clear,DEV,20260908,558e95cf7f2074b5dcbbb2a8c48e7069c06bff48d20fe15f6f036ef08c8ce030
IMG_007536,p01-outside-legal-bay-clear,DEV,20260908,5869e673376f2910cd49a1c87c023f4043e2bdc10382576ddb1dec5890a2ae60
IMG_007524,p01-outside-legal-bay-clear,DEV,20260908,5f9e109e4354d23a3320ed14a110bde018c1576f89d0430ee22385dd49429a32
IMG_007521,p01-outside-legal-bay-clear,DEV,20260908,606b758889c26de492e3dbc04585c1f9686e61bc0a75912904fc1eb0603fad4a
IMG_007539,p01-outside-legal-bay-clear,DEV,20260908,61398234601da641d316dee8c439e5f928c1deca26b9315a5dd964eaf2dbd42b
IMG_007537,p01-outside-legal-bay-clear,VAL,20260908,7f9133566a1f8dd1fd5353beb1a567ab477f56c78f0a1f619019776a65e9e857
IMG_007538,p01-outside-legal-bay-clear,VAL,20260908,86a5c25ba74ad2e90148fb75afcd69a1449753b5f9dbda371237765925205c61
IMG_007544,p01-outside-legal-bay-clear,VAL,20260908,89eabce410124d317dcc73f5d593b8b8c7196c0db87977007792b2bb8b75bcbc
IMG_007553,p01-outside-legal-bay-clear,VAL,20260908,8cd899951dab4f999881b0253d4a75bc962dbd762bbdd9210429a25564c49219
IMG_007532,p01-outside-legal-bay-clear,VAL,20260908,93a05d889ab64bef98e8f5b8c9b244402d78635789f407af7d2c03c941b3f7e2
IMG_007540,p01-outside-legal-bay-clear,VAL,20260908,96b7bc9068c49239005a331d6c385fd4610e66b116c4aaaf55969c9dbfa01454
IMG_007526,p01-outside-legal-bay-clear,VAL,20260908,9d95ff6942434a3960caeb986849886956a7c65a52edd24e2b7fa11994c54bf8
IMG_007557,p01-outside-legal-bay-clear,VAL,20260908,9dddd915feb40d7430a8802865f939bc8f9dc4cdf1acf1d090da9c9a1bf5e2be
IMG_007550,p01-outside-legal-bay-clear,HOLDOUT,20260908,9e3e8c8a98e61a1cd247c202c53094afd898a7401915fb8346821e943c6c362d
IMG_007523,p01-outside-legal-bay-clear,HOLDOUT,20260908,a2cf0c051d5b74dfe4ace1069f02dd9d10610eb43b767e6b28b2b9005471c26f
IMG_007546,p01-outside-legal-bay-clear,HOLDOUT,20260908,a9caa542b2f575849791be7ec93e7b00932b7d9fd21b48a57e59e67d6d73cf28
IMG_007528,p01-outside-legal-bay-clear,HOLDOUT,20260908,b60c6f4f36cf79a76cc560e9a0ef576cd731fcd86577d8e60cc439ecaecd1935
IMG_007525,p01-outside-legal-bay-clear,HOLDOUT,20260908,d361cb969a38b416d1b311e4b269d00278c6a4d98b5f195e4c4bdff7d82ae8ac
IMG_007545,p01-outside-legal-bay-clear,HOLDOUT,20260908,d93df34580a43267a9f46cd77d059614111a3aec140eb1a1da89f5c64316b12e
IMG_007543,p01-outside-legal-bay-clear,HOLDOUT,20260908,ef81114f70f01ff6724febcdd3e2946e1f2fd2c58dbae41b8c7afc21617764ec
IMG_007522,p01-outside-legal-bay-clear,HOLDOUT,20260908,f65fca7992c5d99f985bdf45a66bfcd1e773504e533a5683bd416dc25964ecbc
IMG_007581,p02-cross-single-boundary-line,DEV,20260908,0677c9f882e2c8c340ff8d5e0b1772bfff131f3f389f77d260e2493433354c22
IMG_007575,p02-cross-single-boundary-line,DEV,20260908,13701a155ccadec0e2c7ce2d838fdd4188717164a79a14d4e6ade88cc61667d0
IMG_007571,p02-cross-single-boundary-line,DEV,20260908,18ba0bbc85e9711657f0721557040cf58725d29a01c26c4ffb5fbb45252f4de6
IMG_007585,p02-cross-single-boundary-line,DEV,20260908,1b296c0498d19cc63874707ef8f8a2ec9cef7a7d51b0619b49e82516bd0ab8b8
IMG_007559,p02-cross-single-boundary-line,DEV,20260908,1e03b49a2008a2dd6260fc63283fca75f3081fc96281fc4d00f423081d95a513
IMG_007583,p02-cross-single-boundary-line,DEV,20260908,2253bd0e7e69861cb5e1f76e727b44c1031a69fc3963d1c3405fa1d654a65cff
IMG_007586,p02-cross-single-boundary-line,DEV,20260908,2aaee4923d94dadfb0418d9a788d78d9341ce100727ea4f72b98606b647ce7be
IMG_007587,p02-cross-single-boundary-line,DEV,20260908,2f568ea4be4a9296cb47a4a79478cb3fa8535aa84dc8f8a2dcb3f3db7a468dc4
IMG_007576,p02-cross-single-boundary-line,DEV,20260908,3847a3ff30c6f62a60f66ba3175395bbef14a43cc6a7140d0b8571b4d37bc48f
IMG_007584,p02-cross-single-boundary-line,DEV,20260908,3d09eae078719f07d3e3ee1d2b5e583cc113a21333a53022bcf38b6cff49c373
IMG_007570,p02-cross-single-boundary-line,DEV,20260908,4d03b550369bb9ba1261a684c089be0999a277db78e7496375e790234bb268d2
IMG_007577,p02-cross-single-boundary-line,DEV,20260908,4d04d01b3bb3fa1539d97bc8c1c8509dd99c38ae017420b8e3325e34329927aa
IMG_007560,p02-cross-single-boundary-line,DEV,20260908,5c0b521cebf96374a5e951fc3ba93da0217f187b2ae134dc21af35d3328daf60
IMG_007569,p02-cross-single-boundary-line,DEV,20260908,64191c1e43516ea00f241ebc9c9d84a96972c50cbfa631c32c48328fed8c45be
IMG_007593,p02-cross-single-boundary-line,DEV,20260908,6460e76153ed435829d3f1b17ee2828ff3401d57a95e33791e0438f4d07fb190
IMG_007574,p02-cross-single-boundary-line,DEV,20260908,65fafd6beac0d5a2f27b987f6867d0537efeb5518968dc09592a4814199b4cf7
IMG_007580,p02-cross-single-boundary-line,DEV,20260908,6d483557d8378495ce1c97707a04faa0288a01607f0e45f1baca6f3a36d761ff
IMG_007562,p02-cross-single-boundary-line,DEV,20260908,7419641b78d561b76ffcbb040b877f803747b55e0e01070410eb0fbc4ff8e3df
IMG_007592,p02-cross-single-boundary-line,DEV,20260908,74fc4dc78b7b13101f8d920d7692d35b192c0efe54e98befc4679058cbf968fb
IMG_007564,p02-cross-single-boundary-line,DEV,20260908,7b689faa1cf7384a36d3f08ee976efc106b6681c141480d553b148f0db99bf4a
IMG_007588,p02-cross-single-boundary-line,DEV,20260908,874024f0d0ba953ee57c743ecbafa46223763e921dd3158e9128da74baf7e408
IMG_007579,p02-cross-single-boundary-line,VAL,20260908,bc074540c2b37ed3f28fb1089bc59885a9493700c3f1bcb52607ebdd61aad9a5
IMG_007572,p02-cross-single-boundary-line,VAL,20260908,be4095e5e38727321b569e96403255c566328ee6a2e49a9eecafc4edef8d62fd
IMG_007563,p02-cross-single-boundary-line,VAL,20260908,bf34eeaee712865eb377ce6f01f651dca61e1db4ed67245eed9b03143ea0d1b3
IMG_007567,p02-cross-single-boundary-line,VAL,20260908,cd14cb5453f717ed7a5b0748aca298a0adca9a43d6a5491681747bdd317b0293
IMG_007591,p02-cross-single-boundary-line,VAL,20260908,e149f3ecc99c9eb1bc92b745e60b62b90e412f12a583b41c5e0e3de6e54dd48b
IMG_007565,p02-cross-single-boundary-line,VAL,20260908,e357c79fcc7cfc81b0c2ba983079dab5283710600d9801cfdf1551bfd40581f1
IMG_007573,p02-cross-single-boundary-line,VAL,20260908,e83612442e21b9e2b57bd3c13606d3c7b4d0faa62158c073e82004488d9b1b69
IMG_007561,p02-cross-single-boundary-line,HOLDOUT,20260908,e871cff5db284fedef05bcdb1c57c326a120511dfcfaf03ed5ade261cf1806de
IMG_007568,p02-cross-single-boundary-line,HOLDOUT,20260908,f49bbfe22fd2e75465f64fccef79c4819da0b001a9732c3be0253392e19fc568
IMG_007582,p02-cross-single-boundary-line,HOLDOUT,20260908,f5f7d5297528279ffe20083fd411c9224f3e0a996cdac1d9a2a83454dd7aa16b
IMG_007578,p02-cross-single-boundary-line,HOLDOUT,20260908,f6243ca0797aacb8d668281c1a471d5c32067850f68902b462ec54efaa2c75f0
IMG_007590,p02-cross-single-boundary-line,HOLDOUT,20260908,f6d05d3510ecbe6fea23212276f6c2e1639f3ec08eec716b04b42fd7e621e73a
IMG_007589,p02-cross-single-boundary-line,HOLDOUT,20260908,fef46b32fd3170ac8bfef9e59a430636ff829fe65059c35d038f1ad2d8d418c6
IMG_007566,p02-cross-single-boundary-line,HOLDOUT,20260908,ff401d085729ea400551d6e782e7a3dfd641454a246776cd636d6dd9fbe0c139
IMG_007602,p03-span-two-bays,DEV,20260908,06e10927a46cfa869216edad97b92cf8e1ade4c3ece66ddc20423dc5c4b8bf17
IMG_007621,p03-span-two-bays,DEV,20260908,07c498475ebe9f4e4c85d9c921f9bd877868d434eb4dc6a34c3718c8cddecc4b
IMG_007598,p03-span-two-bays,DEV,20260908,099eef19391bfbeb93bf210ccb529a54ff51d2ba09683f08f02f633f56cd139d
IMG_007608,p03-span-two-bays,DEV,20260908,0a6bfa1df40de7318b11b9e36ba17adf6c224e600a69da85317c9ef84244fc79
IMG_007620,p03-span-two-bays,DEV,20260908,0ad19a4dc7037b9dcef2ac6fdf7568bd80d622bc6a0338c4949d1a2d7bce9be1
IMG_007617,p03-span-two-bays,DEV,20260908,0fd64a81ce740cd77230b1b3736aac5183af525716a45e8f088ed9a7735bc124
IMG_007603,p03-span-two-bays,DEV,20260908,1f0f30f6a89d0bfb662ddac58442d99be89da8144bd85d912e6024cdcc3b9e7f
IMG_007606,p03-span-two-bays,DEV,20260908,1f4f6393c78cf18c50747fa82b14116c027d4c29ff2d8454d40eff074a1635f3
IMG_007599,p03-span-two-bays,DEV,20260908,307ea886822be86e07480ea973458185a202f22367e64e1ed82182dc540d0f3b
IMG_007610,p03-span-two-bays,DEV,20260908,3b00dc7d78215e8099f5355e4581a1012119794625e70536cba708e867161347
IMG_007594,p03-span-two-bays,DEV,20260908,6dd68b8c96911cba7138099b4fdf261add12368559745c17c3df2b5c819f138a
IMG_007618,p03-span-two-bays,DEV,20260908,6dfc4dc5a921404f71945c6911d7f32ae654f4f782404d29326b37b020214bd0
IMG_007611,p03-span-two-bays,DEV,20260908,77d3213c083474f6c3ca83a85cf9cee76ae6ba489157f590775811a966cba699
IMG_007612,p03-span-two-bays,DEV,20260908,77dbb4a8ce579489a5bb3a7cbde5096001aac6619a0b429093a94eab649205c4
IMG_007614,p03-span-two-bays,DEV,20260908,7fc219fda7067901005d21e41264d2e6841ad2f79686b0331052308b2cfba8a5
IMG_007615,p03-span-two-bays,DEV,20260908,822545532f66224f0d306d2f33efc96bd5f191a250f5e54cdc88c403baa968ba
IMG_007601,p03-span-two-bays,DEV,20260908,984d4dbf0bd9e5e2ce870353f443a77f25e31f6d7ffdc05bba227d03ffb3c50d
IMG_007609,p03-span-two-bays,DEV,20260908,b0bf4714dd3b7aed4f0e7d5b96929def12c41682e0adbc5b54742aa3e1e73329
IMG_007596,p03-span-two-bays,VAL,20260908,b0d5c0e921ebd63ff75966c7be685976f276d6f43bb400299ea28e38f58cb1d9
IMG_007595,p03-span-two-bays,VAL,20260908,b2748de87f1fc4697097a83fb95a36686967330184b5f78d64b829d3c421ee14
IMG_007600,p03-span-two-bays,VAL,20260908,b77e1077fa7a4eec03df834c60f3dabce1ec7fc17a2cc85c5704f85f56b130b9
IMG_007607,p03-span-two-bays,VAL,20260908,bc43909161be4e92c415e317fa22c6f6644df45d56115af26b075c10de556f98
IMG_007613,p03-span-two-bays,VAL,20260908,bd4e1ec7a37d6bb9bf5aa1154c4856ba18dde4201f06fd78c060f5085a83a2ec
IMG_007622,p03-span-two-bays,VAL,20260908,d36cf2a36d70df21f68eea59e12f0fa888be60fac28d602d10b53ea304faddad
IMG_007619,p03-span-two-bays,HOLDOUT,20260908,d867856db2bcd6aa389ca56dfcdc501f04469fad581b2e2717670feaacf0fc0a
IMG_007605,p03-span-two-bays,HOLDOUT,20260908,e56fd59fc7572e37a92ec1a1a3fffbaf4580e4bfd67a0090973a9e482a7c9138
IMG_007616,p03-span-two-bays,HOLDOUT,20260908,ec390a39b8f5666fef9262db0a6351c8460dd76253bdae0c3f95647341871529
IMG_007597,p03-span-two-bays,HOLDOUT,20260908,f14a0a14af907c6f33dd755e90476eb1431ebe22fc011627c3039c00a6f535ec
IMG_007623,p03-span-two-bays,HOLDOUT,20260908,f78fe6c1a94570aef14ab565d52d63510c1c26c8102a1fae76643cf9639fb4d7
IMG_007604,p03-span-two-bays,HOLDOUT,20260908,fcd67de915132e9209fd0ae3229aa00cd4d777e01a710350583c92d961c32ee3
IMG_007629,p04-angled-footprint-outside,DEV,20260908,1451079fe18a6b18b73fb6cfff6e1a1c58a14cba02de51fee80d73b0e68ed430
IMG_007634,p04-angled-footprint-outside,DEV,20260908,199270964b63c0522ecc575ac1bb60455df80abfb12b366694bd7a57ab9f8afd
IMG_007626,p04-angled-footprint-outside,DEV,20260908,27f46d7a32e11ea83635c63373738b7fd1bfc974c693349890b644a9eb2b64f6
IMG_007637,p04-angled-footprint-outside,DEV,20260908,311fb0826db096466422948ecdcb467767efd134d3f35398c90a9d5351a1c50b
IMG_007635,p04-angled-footprint-outside,DEV,20260908,36a7fe232ea8df320b326a9492b67028e898f8a1b574546c7c7f1b89e1ceb29f
IMG_007627,p04-angled-footprint-outside,DEV,20260908,3dbfea769204d4f17436dc6549c73f461044cd45b1c32652df20f20df1ddb44d
IMG_007631,p04-angled-footprint-outside,DEV,20260908,48ad9152a3095e58c711ac580bf2d23bb8919395f70c60391b7f326ddc7a1eea
IMG_007633,p04-angled-footprint-outside,DEV,20260908,69ec81a56ddc06ff6bafe94f593fd4911b63330a9e44e5fedcd33a0829bdaa64
IMG_007643,p04-angled-footprint-outside,DEV,20260908,70fac3df6a58f03e2c26230a4d5a794cdd67cf4a659d0d75f503b70445aad706
IMG_007642,p04-angled-footprint-outside,DEV,20260908,7cf15a002d5a58ae8bec9a776d39e3615fa7eb31c180c07cd51744bbd29898b9
IMG_007644,p04-angled-footprint-outside,DEV,20260908,819b9d5cadf0cd2412617e24d845ab960d1cd446c984a4234edf8f7385954948
IMG_007625,p04-angled-footprint-outside,DEV,20260908,858f35a54de022a07c625207947dfbfd79f6a1986c16015d3f86cb402f1cce02
IMG_007632,p04-angled-footprint-outside,DEV,20260908,a10f9654a637cf35d2b330cd7b76a6648c3e01b3cc022bb37eb5f1b480331eb7
IMG_007646,p04-angled-footprint-outside,DEV,20260908,a5e3880e5765776123f3ee5f8612074a430e3619a85560973f7a71665564328b
IMG_007641,p04-angled-footprint-outside,VAL,20260908,a6ae7152f790a2471efdfd1a6f260e583bca9d703d7c604d6915f714f642d575
IMG_007640,p04-angled-footprint-outside,VAL,20260908,b9246154cb02ed1f1ec7e82b25c745b46de7a86dff767b8f298487ab7bf9f5ff
IMG_007630,p04-angled-footprint-outside,VAL,20260908,bcc8a60867c57f0c9467dfec2260b720bd2de2bdbe2039d847d3699877a77009
IMG_007639,p04-angled-footprint-outside,VAL,20260908,c39753c1fce11e06bea9a79556c7c949d329675e92095b3d19b554f40e134443
IMG_007628,p04-angled-footprint-outside,VAL,20260908,cbd99ed8be81cdfedf638eb84d4454a2423b37b0412a5f7a379856453183de3c
IMG_007638,p04-angled-footprint-outside,HOLDOUT,20260908,d07cb62e325b6a10d913a4ae46bc91a6ce0c5921da63ab5de81ce4ef46c98e58
IMG_007645,p04-angled-footprint-outside,HOLDOUT,20260908,d3d9eedd19dbe430d81e1a89ce5de1f53f97b6614398cf3a901f3992de69aad9
IMG_007636,p04-angled-footprint-outside,HOLDOUT,20260908,ea0abf268db2af51728f90fc845c9f924408c466b63bb86e1655de9693719c96
IMG_007624,p04-angled-footprint-outside,HOLDOUT,20260908,fcc3bbc49338190abed6ca6c4546e1a54f89353c1d05a2c24f9ead77d67b3b1c
IMG_007654,p05-multi-vehicle-at-least-one-violation,DEV,20260908,00eff060201e3dc374cefec19fb40253fb8b2c4ab04369eb0e33d8dc0aaba220
IMG_007655,p05-multi-vehicle-at-least-one-violation,DEV,20260908,04f8ddccc8347e97df2be5ee7a0abe13b0a60cd2a2f8b828c7bbe1cd1bdbbad7
IMG_007661,p05-multi-vehicle-at-least-one-violation,DEV,20260908,18c71dcf8501885c0ca2c156e59753db584bfe07fbedbc3bb6dfce7dc49b9199
IMG_007650,p05-multi-vehicle-at-least-one-violation,DEV,20260908,1d254711819ccc8d2ae1662aa6628e236f1032423139edfdcff29de4e8b8e373
IMG_007647,p05-multi-vehicle-at-least-one-violation,DEV,20260908,25f7f4c88c78ff85db32a65ed89f3d4f32105aeb14e92d4bcba9581375ff4dcf
IMG_007658,p05-multi-vehicle-at-least-one-violation,DEV,20260908,3fb78d1ebcb1ba2aa8babef8564d5970f9d9441f8f4fe9b2023e7010246dd34f
IMG_007664,p05-multi-vehicle-at-least-one-violation,DEV,20260908,540c2c538004cc9f085156bf0ee612f99c646b923d684cda77b91aa756b62a3a
IMG_007659,p05-multi-vehicle-at-least-one-violation,DEV,20260908,5e4992ab111b05a1395ba9dbc1ef8a7e4170fd6e6eb730a275f7ac988fc02060
IMG_007648,p05-multi-vehicle-at-least-one-violation,DEV,20260908,64ca6e851f9d2aab9b461b55293f9692609450fda03d01ff1678427e28b7e37e
IMG_007652,p05-multi-vehicle-at-least-one-violation,DEV,20260908,72c4b169b063f904c2a717d5143908fd9e1551b494df13e0ed498a5ce36fe14e
IMG_007656,p05-multi-vehicle-at-least-one-violation,DEV,20260908,766c0d42bf21f2782cbfdfbb538c5bddb288bd886cf0c6dd74679720da802fc7
IMG_007665,p05-multi-vehicle-at-least-one-violation,DEV,20260908,770087bebc22ea0f260354f775dca3c5fac10be4e03e6558c4bafdfc55ff1a32
IMG_007663,p05-multi-vehicle-at-least-one-violation,VAL,20260908,889c3e0de435e5f0f7c30ae93f0dfa1bcddb4e04a931f580c7989a4aa61ab59e
IMG_007649,p05-multi-vehicle-at-least-one-violation,VAL,20260908,8fc4d8d849fc845dd0dcf8e55da5e7abe911e53bbb66446c363a0d7de0e98cfe
IMG_007660,p05-multi-vehicle-at-least-one-violation,VAL,20260908,99f7cc5fa9b4a766eb11139c9c6688946e447d2821aa58dc4e6ba6e2223982a5
IMG_007662,p05-multi-vehicle-at-least-one-violation,VAL,20260908,d310d1829bc897ecbe3b241ce64c7ed0c5d431c83c7e9a228c3931dca01ce996
IMG_007653,p05-multi-vehicle-at-least-one-violation,HOLDOUT,20260908,d6802284c3d820790d8556a984c860d6c09caa9f9b7206e7ad5217d04edb7b24
IMG_007657,p05-multi-vehicle-at-least-one-violation,HOLDOUT,20260908,e22a63825fe3a201e13bf464835d88a55face1555828741934a14bbdd0ac2676
IMG_007651,p05-multi-vehicle-at-least-one-violation,HOLDOUT,20260908,e9faa6f70288c800a570d4ba404e8969e9762b0c49c418d7b73133fdfc04ce2b
IMG_007666,p05-multi-vehicle-at-least-one-violation,HOLDOUT,20260908,f88c3e3c2ffea26e37e7ab6dfd0e41c1a9518ab88c82d0c1a50d2afa1e5354e6
IMG_007672,p06-nose-or-tail-intrudes-aisle,DEV,20260908,061a9635b7e9e19711d38c30e3b5fd87d0879a6ab7184c46b25f50a330f51318
IMG_007675,p06-nose-or-tail-intrudes-aisle,DEV,20260908,702ac10e5fc897bd68e74d3838f52fc03913a514204a1729fc7ab13cce1d4572
IMG_007674,p06-nose-or-tail-intrudes-aisle,DEV,20260908,71081b651d4b38fe3a6759cf7b96f6ef426e350bbda459f1bbfe62c88a29e6cb
IMG_007667,p06-nose-or-tail-intrudes-aisle,DEV,20260908,7b630afd5601396dfdf348d51931bddba4390b209a6a846b2d31b84d36a2db17
IMG_007673,p06-nose-or-tail-intrudes-aisle,DEV,20260908,c008546a1904a753fc06ff47c5ae7f96c53f141fde4aef8e39fc7c58f30c69ad
IMG_007676,p06-nose-or-tail-intrudes-aisle,DEV,20260908,c12b61fec8f22278ef0449fcae0c66faa582615f9bd7723cf0ffb443c5c71240
IMG_007669,p06-nose-or-tail-intrudes-aisle,VAL,20260908,d9971fae4bc4b4a4f796a243d4624c31d5f411592e80a4a64251cb7c31c5d655
IMG_007671,p06-nose-or-tail-intrudes-aisle,VAL,20260908,e3871836d94b4b4ae2f28324055acc602ae1c430ccf00fca2ca4f9df2c288b81
IMG_007670,p06-nose-or-tail-intrudes-aisle,HOLDOUT,20260908,ee0b12cf10d8814c7941b45e47f4d04fef2f1af881f5ca8a9594eb3aa7c3a0f1
IMG_007668,p06-nose-or-tail-intrudes-aisle,HOLDOUT,20260908,f29b889aacd29dd4bc1b218e923c37657c18bf7d92c56b69058b715c4ef930be
IMG_007400,n01-standard-inside-bay,DEV,20260908,01072af96b9fb7bb768a843a6be133d515d23a7f4230583308fcbe6d02e46258
IMG_007415,n01-standard-inside-bay,DEV,20260908,0418d33993e8d02bd7733ae01580580ff96b475327b4a6c8bfae3a02fc563443
IMG_007419,n01-standard-inside-bay,DEV,20260908,0ee675ed10aa1006a88609637a1c8b7511796ca18e9b9d358b4aaf42a3c45409
IMG_007424,n01-standard-inside-bay,DEV,20260908,0f872428c68c68daa7e2a57c7e353d8075a7f1d70279053cc211f6de8b6277b3
IMG_007427,n01-standard-inside-bay,DEV,20260908,2c813017bac3073ce5afdf9f38105d3f2cfbfd1418d90ae4b7d5cad06b6d54cf
IMG_007405,n01-standard-inside-bay,DEV,20260908,2ed810bda7c3c30eb733997c9288756da7fd321987639bb17d8438deead18b4f
IMG_007416,n01-standard-inside-bay,DEV,20260908,416e03b88672910273213a4ff71fb59a04ebb9421031dfec7a5a695ea66f2a7d
IMG_007421,n01-standard-inside-bay,DEV,20260908,440427ac651a36e299a034f21223869a33b8defe6d8fe261abb7ef817b69ed1a
IMG_007410,n01-standard-inside-bay,DEV,20260908,46268d4c1900a19c721109a83665b82e25d484217b89011f4f1eab9de2547a9c
IMG_007404,n01-standard-inside-bay,DEV,20260908,4833556d2a98e8d07a6a742199e423cbc10f511740eba7940da5b395dc4c6308
IMG_007413,n01-standard-inside-bay,DEV,20260908,5446d522b0c60e8f94b6696951f46e343c008c0646f01bdaa7c5d0cf5a663640
IMG_007428,n01-standard-inside-bay,DEV,20260908,58925afe7222f452dd83d5095b439c5c0ddf8b6510421500b1b469e35ae095a7
IMG_007417,n01-standard-inside-bay,DEV,20260908,6e84339bb7f60e7a7f03e4a7728e061a271a575b37f05710998334bb6fcbc4f2
IMG_007407,n01-standard-inside-bay,DEV,20260908,762ed672edffaf65d7ed8e757c6ef42a0c42d0b1e0495303b0f6daab44e61fc8
IMG_007425,n01-standard-inside-bay,DEV,20260908,7b2a6e0edc881de578d8ec7b393ebb9ee82a3a2960beda9ac295226ef2d3dc73
IMG_007406,n01-standard-inside-bay,DEV,20260908,84f2934b652e4d3231041372438080e3d300d634aac19ce8bf98c583772fab40
IMG_007429,n01-standard-inside-bay,DEV,20260908,8d824ec27eaea27154cd6f6cfb1cbd6db9a45b99205bc7b25bc4b914f536a181
IMG_007422,n01-standard-inside-bay,DEV,20260908,965675391b1e7cd13adfff5c283db577635ac4045a1105084ee8d1fb410de302
IMG_007423,n01-standard-inside-bay,VAL,20260908,98df0e7ac221d29ce9bef1a552006f085a0fa1bec21669132df01f08e734a55b
IMG_007418,n01-standard-inside-bay,VAL,20260908,9e6084c4985a59ca74e18989afb793759fecfb06421e7b607c76a9bee40e30a3
IMG_007401,n01-standard-inside-bay,VAL,20260908,a7b01438725b34c2f2f0c628e35a1f835aad11b981e99fd9365ad32a67723225
IMG_007411,n01-standard-inside-bay,VAL,20260908,ace8c0af5457498bbfb5b6f346e1f74d095aebddd40fc943c203802974839f4c
IMG_007409,n01-standard-inside-bay,VAL,20260908,b2d5c97e3580f9ccca775fee3122c63e5b19614037511fae4983b8d41083d7e5
IMG_007414,n01-standard-inside-bay,VAL,20260908,c5d6257f40e7b65ae7b94cb64b1da22027fa7ca9d70b4733526efbaa1a8694db
IMG_007420,n01-standard-inside-bay,HOLDOUT,20260908,c83973c85514099f83c3748094c7826f8a644bdb34e92e23273201b1525ee013
IMG_007408,n01-standard-inside-bay,HOLDOUT,20260908,cd2495adb1393771d66136bf1cb56979f3b98f45415ac477787df213ef04dbb5
IMG_007412,n01-standard-inside-bay,HOLDOUT,20260908,d69f596c1dc4652e0385fe90524926db806ac65533da2ef9f1accc8cf364fe93
IMG_007402,n01-standard-inside-bay,HOLDOUT,20260908,e10a74580d2195aa75a0483016652edaaf7aa8bd1850b782401ff519328297d6
IMG_007426,n01-standard-inside-bay,HOLDOUT,20260908,e484ab62ec44279ca4b189b28f29425597ccf72565b4b5b15bbbeaae0ead2204
IMG_007403,n01-standard-inside-bay,HOLDOUT,20260908,ea0f126c984c2fadf6049a0469efd41e9f770da87daa1a585f1cfc845b5ec81c
IMG_007442,n02-close-to-line-but-inside,DEV,20260908,00a7e0e3708ef2840cf4891204eeab64c9b3a7f24227adb96c4923d34fd1088a
IMG_007454,n02-close-to-line-but-inside,DEV,20260908,1fa6d4a8995fedd31a1d3d5059a32231eecdc515f2f8ebd7e6811d145280d43c
IMG_007445,n02-close-to-line-but-inside,DEV,20260908,25f75029ee8331ba7234cfc8f2546e4138bb32cc9904f94720a52ff28c944af2
IMG_007450,n02-close-to-line-but-inside,DEV,20260908,281500eeed97858249a1f4022122d01411b58deef082cf65027c7be5a8906c43
IMG_007433,n02-close-to-line-but-inside,DEV,20260908,3bcea709efdfa0d1028a24c7f716fd4dd7b4a532f206dfd19970af8af1e8f5da
IMG_007444,n02-close-to-line-but-inside,DEV,20260908,3fa8a2a04339ed2f5a595ece74741d9e2bc606de70c097f19546d87fae019ae3
IMG_007435,n02-close-to-line-but-inside,DEV,20260908,4e8a01f034e6b949bee1b5ebf22120b137495782dcf7acd7a80e6715827f3991
IMG_007441,n02-close-to-line-but-inside,DEV,20260908,4f52047d61d139b6935d43889c2fe00d1837ac9ff75da32b322f023ddc20cf6c
IMG_007446,n02-close-to-line-but-inside,DEV,20260908,51571b13f21c56626572d0e840d55a430397e3b9c9b32492eaf403f3afc845e7
IMG_007440,n02-close-to-line-but-inside,DEV,20260908,53eca1d51eb28e7236e9aada482253a9a505afbe56b9d7acbc6244cd2704946a
IMG_007434,n02-close-to-line-but-inside,DEV,20260908,5ba2657be393644350218b03aa424467baf9a489e5e586128a3d80cd4ecf21f4
IMG_007437,n02-close-to-line-but-inside,DEV,20260908,76b795784f4edacbabe59f5ffba9284bfea461d1ee2e1a02dcb226fe312cff23
IMG_007449,n02-close-to-line-but-inside,DEV,20260908,7877a84de601c8c5368cb11f745fb25edb667e5f5fc0236e8b5698cd506eaa8d
IMG_007439,n02-close-to-line-but-inside,DEV,20260908,85a7a77e1afe214d45b4a125b44c47dff7adbf390019724516821c26d2c53f62
IMG_007453,n02-close-to-line-but-inside,DEV,20260908,8ef3a1d11f764cf30e8daea747ade600657885c89b2e2ce67e46dfb08231f370
IMG_007436,n02-close-to-line-but-inside,VAL,20260908,993924b18bdb0033b4d083e22fceb5930022c02a2e8b6c374376b040f04d1a22
IMG_007432,n02-close-to-line-but-inside,VAL,20260908,b56afde1c2967bb666bc4162dcf76124614103b0dd54ff5c09a22ccad54496e0
IMG_007438,n02-close-to-line-but-inside,VAL,20260908,c3ee57942d32316baabf192d4689788d9fc6c4fb91461de65e5cfbac513d05fe
IMG_007443,n02-close-to-line-but-inside,VAL,20260908,c8b5f45d11c70fb621d2ac0b8c1dd1f17be32e12fdc69f0bdaded40d2799ac78
IMG_007431,n02-close-to-line-but-inside,VAL,20260908,d4fe4caad2c12fb9048a064613b3bfa0f71c889bb642e95784e3dfacb5abd6cd
IMG_007448,n02-close-to-line-but-inside,HOLDOUT,20260908,d7540716725fc541c03bf820ec1ab07e05536dc041523ad1f595ebde618cf650
IMG_007447,n02-close-to-line-but-inside,HOLDOUT,20260908,f5d9d6e1624231f58c0678d2e7559fc47e3b3f05c3b8fe80b683d75e2ae18a30
IMG_007451,n02-close-to-line-but-inside,HOLDOUT,20260908,fc72224115487e162c9b02c10bc064f3bbe52defb053205cdd835c0ce2a29c7e
IMG_007430,n02-close-to-line-but-inside,HOLDOUT,20260908,fda60cbf343b3641566dba87c59943e3af2f6a062d5de5a3a3110f328d85eb7d
IMG_007452,n02-close-to-line-but-inside,HOLDOUT,20260908,ff27804d75808bd50c0a2177fe0d92aac6f84c0819e8c642fc63e0ea24d0115f
IMG_007457,n03-diagonal-bay-correct,DEV,20260908,052ffb9b19c22f8252d4382e1d3c32f8d71a90eef9a333ca03158233a3489441
IMG_007468,n03-diagonal-bay-correct,DEV,20260908,242aaa8505c39cdbaebc619ce8bcfd937c62f26c9779f96bafc7452b18cbd29e
IMG_007467,n03-diagonal-bay-correct,DEV,20260908,28f335b35365562ca3ec53a8481832700f3b3de321ff295f9a6b022e684c3b8c
IMG_007460,n03-diagonal-bay-correct,DEV,20260908,32b37434edc508ab98e68a1afb8e52c6f717ddf5bc92820e99f3c3154d7d96f4
IMG_007465,n03-diagonal-bay-correct,DEV,20260908,410e9a20ff226a08b92a8e4e447e8117ba7803e6f69b80540a94983ea59e4854
IMG_007466,n03-diagonal-bay-correct,DEV,20260908,52fa77636598c7071a9b6dcdfaef82ada9514832f8099bc8b00d8093ba3faf41
IMG_007463,n03-diagonal-bay-correct,DEV,20260908,7e4f7b2853318ca77f811e1a7439e77d9444d5f65345dfc7740dcbfac5c5a3a4
IMG_007455,n03-diagonal-bay-correct,DEV,20260908,7f59c03b804dc533b6c59005306fa3844f4182c788d57c6b007f4a50f0a25b94
IMG_007469,n03-diagonal-bay-correct,DEV,20260908,98ee8d276407ae37b44e21adb616f8997bf291e731ac08f0a524146790ce8b91
IMG_007461,n03-diagonal-bay-correct,VAL,20260908,99208ab103099d93f00e6c224cd99e3907d879d70ad57fbc90f88ab75a8ab454
IMG_007459,n03-diagonal-bay-correct,VAL,20260908,99bf78b2f20b5b6010860bfc892d50cf41c6ee40116748826c677ababb80389a
IMG_007456,n03-diagonal-bay-correct,VAL,20260908,b7eebc9f19ec691c25125beeb1bcfcbb530bf7e84baaba22a3231a241ae32164
IMG_007462,n03-diagonal-bay-correct,HOLDOUT,20260908,c0ace3794c2f113a0a0de5443e1d9f1d40501a9de0c165f56d8e0fe1cf3f8117
IMG_007458,n03-diagonal-bay-correct,HOLDOUT,20260908,d39e6d44a774499a1fb6eb0558b384ea7120062e0b85cf925734c1455b3b2a58
IMG_007464,n03-diagonal-bay-correct,HOLDOUT,20260908,e6432f482f0ffae53ed33d353692870b1d3b3acda27bd89c3edb512148c2cada
IMG_007470,n04-parallel-bay-correct,DEV,20260908,0c07a8541f9b5e452a3e03afc34f60e74aaa3aae447568456b3a08a4b2f5725f
IMG_007475,n04-parallel-bay-correct,DEV,20260908,124118822fcd6907ead41a69d0a7845785c66cad5af3fe86f35fdeaaaf578248
IMG_007471,n04-parallel-bay-correct,DEV,20260908,3c1e688ab18744d038e24887d1426bb3aca2385a4ce13ff21ef4be4e5189c361
IMG_007484,n04-parallel-bay-correct,DEV,20260908,4058e63fcf37abdd83b87dece18f6ce9a84860b245fea3a39910669bce533439
IMG_007477,n04-parallel-bay-correct,DEV,20260908,4d0448a7db9c792512d65ee52dcc2be9f2a88d59ad58cb1bff200e564a027bda
IMG_007482,n04-parallel-bay-correct,DEV,20260908,52901751a8c53603990697e9ae4733beb6a0b4732fe8030f27f19ce1f0ed85c5
IMG_007480,n04-parallel-bay-correct,DEV,20260908,54a924e44b71c9a5f60e5dbd0576ccc7d3214d8143c863907ddb7b10a4a14697
IMG_007479,n04-parallel-bay-correct,DEV,20260908,5c2b753cf90179cc1aea80298b7a7ebb3b3082008bb33e9ba1583c9137336e9e
IMG_007473,n04-parallel-bay-correct,DEV,20260908,7ad1d16832ec413ee45ceee8b3c9b2e366ef9a79fd4617fe859aa81611004d12
IMG_007472,n04-parallel-bay-correct,VAL,20260908,98efda8f335e5af58d20fa317267a8c0ea90cd1b4be15112cff7f241b321fc4b
IMG_007476,n04-parallel-bay-correct,VAL,20260908,b36f0fd802eb2f4e2b2e8a000bb4fff17b949a18c19856fc79681b811d947db0
IMG_007481,n04-parallel-bay-correct,VAL,20260908,c22f585b1e1a124ed0c2da1a5432700319cde132825740685eeb97964158b2b1
IMG_007478,n04-parallel-bay-correct,HOLDOUT,20260908,c5373079de86fd05e5117ff57c060f34d3c4d95eaa7846e674c1449f7156a659
IMG_007483,n04-parallel-bay-correct,HOLDOUT,20260908,eadf618a638348d38729ee0e7a975cddf2562afd315a87d4b5ea2f7db2b15155
IMG_007474,n04-parallel-bay-correct,HOLDOUT,20260908,f11b77171a96f84ec340a145246c419ea62250e7fa62a6f2d74e1f1dfb5d3e5d
IMG_007485,n05-multiple-all-correct,DEV,20260908,284c578032410448f4df2c9c89ed46390df446dd6a3a4cebd06e7abb6dbdd3ef
IMG_007494,n05-multiple-all-correct,DEV,20260908,2d48466c79cd8bbb7054b035a7705f4fa12aa1ff39b45f18113cf69f630faf7d
IMG_007497,n05-multiple-all-correct,DEV,20260908,417a39137f8dfa9e3a451123395f7ff1b8cf1397e681ae448c80e07813476901
IMG_007499,n05-multiple-all-correct,DEV,20260908,46bec9b87bfa89833b15564715ae7f7de5dad2a9d7fa1eb71cfa81615187234f
IMG_007498,n05-multiple-all-correct,DEV,20260908,740d21e32502e7f6105c7933d8ef677341fb7c5f771044b20cb5936eaa6eedd1
IMG_007487,n05-multiple-all-correct,DEV,20260908,937e4641323e353f5adbb0de1ffb3ea5dba8281fff9b61c9bdf2c616a42ab493
IMG_007488,n05-multiple-all-correct,DEV,20260908,9f9de77d258d1e9d16c924731317615aa3fe447d0ea8f5b65d9268e9669eef26
IMG_007491,n05-multiple-all-correct,DEV,20260908,a201623151f06ef548c36bf5aff74a764f705d2c903eb820e0f5e6eaedb6bb5a
IMG_007492,n05-multiple-all-correct,DEV,20260908,a2adaab8a0709b724b90d41ce6613d032e52f639373e72939ce617e918315d55
IMG_007495,n05-multiple-all-correct,VAL,20260908,ae76837f313e4b82d6de6f77fd968643883da2c3318b14e567ad92bf7f81c971
IMG_007489,n05-multiple-all-correct,VAL,20260908,b67a984b37a0a7246e1379c9394b7befa7afe3b5998bdbf9450c4fca7159a022
IMG_007490,n05-multiple-all-correct,VAL,20260908,c1d0bfa88fa8bd2f38480728b78c9f882fe97b5add18fee9fc942554ae511107
IMG_007493,n05-multiple-all-correct,HOLDOUT,20260908,c6473b1e0469bd6300b8caf756fe865f191e7ba1e07d0c67a47d75ea61b985c8
IMG_007486,n05-multiple-all-correct,HOLDOUT,20260908,c8e668a68f3b9f684e237b5e25c0450a3df2d3a8f0bf2e813dca8d13fc47f2d1
IMG_007496,n05-multiple-all-correct,HOLDOUT,20260908,de9f9486010c11617c9a80f39239a97770b62210ca7cb269a9353cf837bd54eb
IMG_007511,n06-special-marked-space-geometry-correct,DEV,20260908,15cf409eb91128e3073da7a9d35f07dc6f102cffa4af475e351cf44fffb525ac
IMG_007500,n06-special-marked-space-geometry-correct,DEV,20260908,17e4679643f8ca1796fc8e383c61df17258de2d33d86165a9bd74ce68bcffb6f
IMG_007516,n06-special-marked-space-geometry-correct,DEV,20260908,18d00578e4f12e978f5144af97071c58b4c5fb2de84da5f59f7e87b154e400ee
IMG_007503,n06-special-marked-space-geometry-correct,DEV,20260908,2b87235eeb77eb301467df1aef392e1b96c3d6810290251dfa1c753d00ad555f
IMG_007512,n06-special-marked-space-geometry-correct,DEV,20260908,3b4e9bb3a37681da54ffee1a3e23a193157d67e4e6309b2e378896b2e428330c
IMG_007507,n06-special-marked-space-geometry-correct,DEV,20260908,58ad403742a7d4a3594015f7ddd5ff10bbb26655cc1f61913b1ec76571e85725
IMG_007509,n06-special-marked-space-geometry-correct,DEV,20260908,76001bb1623f7cd27deb47a205bf34c83c2395e56a511ba8bca62cb12d3c38b1
IMG_007514,n06-special-marked-space-geometry-correct,DEV,20260908,7afc1d91d9f8833cb09983587b5dfd5485e962ba1e59e08d78123f5ed5398b74
IMG_007508,n06-special-marked-space-geometry-correct,DEV,20260908,7b6621584a1312a4493d8b8dea51f884b644b1c7ad1f94761f12aa037c19dd0a
IMG_007506,n06-special-marked-space-geometry-correct,DEV,20260908,99ce1ef62a6e7a31c9267e1d73368236f803ec7528c1a7c9b495eebe23d79dc5
IMG_007517,n06-special-marked-space-geometry-correct,DEV,20260908,a9c3d484c64ddc7ec48d4b98a74cf646591e61fbea4e402c3ce16fe4be0e08af
IMG_007519,n06-special-marked-space-geometry-correct,DEV,20260908,b00e2220fb515fcb77338614ede02afd29fab406d24fbdea9e2b14f7704813e9
IMG_007518,n06-special-marked-space-geometry-correct,VAL,20260908,b61976e14f4d2dbfe62abbcac4e413bd14f9fb353aa6cc1a6b13b53158ee5888
IMG_007504,n06-special-marked-space-geometry-correct,VAL,20260908,bd9b07a95de1ea5b9a9c85c7423314a7002ed65615f295211797542cd1fe8dac
IMG_007505,n06-special-marked-space-geometry-correct,VAL,20260908,cff59529e1264884c2dfd4574efe5d583c7da75129106fdf7d79c8c638849197
IMG_007513,n06-special-marked-space-geometry-correct,VAL,20260908,d975ba66ff22cb2d581fa6e71740eeeb4cbc7dc95d8af20976c8c0fe6a8e1aae
IMG_007510,n06-special-marked-space-geometry-correct,HOLDOUT,20260908,d992846911af8c90d9ca011bff98ad2b367ba97f0b1ce1267e578d4a067c537e
IMG_007502,n06-special-marked-space-geometry-correct,HOLDOUT,20260908,dae3fd2001abb258c6dfd0ab7c36faf2ceffd566036ced5bf900069cf3f8ff4b
IMG_007501,n06-special-marked-space-geometry-correct,HOLDOUT,20260908,f26901bc6611e6cc15ef1b82c044c22681a825e3791250b21e1bf6be98042bc4
IMG_007515,n06-special-marked-space-geometry-correct,HOLDOUT,20260908,fac325c22ddd7c42387f548ae8d2f8b83e8b68c454809ba30fd290c842ad099c
IMG_007327,hn01-gate-queue,DEV,20260908,12fd514d1951d4b7fc5040d23027a9df96b6fc0f7d9cb94239d142c8341c724e
IMG_007346,hn01-gate-queue,DEV,20260908,1971ae24a24f5ba0c722096f0d0b0beb9c6f818c9882fa7a36256788f76902e2
IMG_007334,hn01-gate-queue,DEV,20260908,1b043be2c6315f9caabb611bb5b47ef6a0c98532fa503a5c8a046a34c1fcf6b7
IMG_007344,hn01-gate-queue,DEV,20260908,238d843fedbec3a63e918465be47d42baee753b2c8350250414d1eb4f8acef6c
IMG_007336,hn01-gate-queue,DEV,20260908,2f99950a5bdd144745ce54e95aff27d29f629e2564b154d4ad1da00d7bd60be6
IMG_007348,hn01-gate-queue,DEV,20260908,311ec996ed1dc68581bb5078d9c0f314058c276219c2b6ca619cb2127dc12acc
IMG_007340,hn01-gate-queue,DEV,20260908,4d0d59ec7f7211d171496ee80b319c07da88665fe29153579b2ca2c10a15fbd4
IMG_007335,hn01-gate-queue,DEV,20260908,4e2089a0d8f2e84b8847226771a85456a2d7bf9d29802538583d986304e0b248
IMG_007329,hn01-gate-queue,DEV,20260908,51e6718baaa136334add5c4b51d0bee9289d457f921b2c78f0334753b14d5f30
IMG_007347,hn01-gate-queue,DEV,20260908,53c8ee469bb13d68141be252d1770eb360523ac03ffdbbb7c758326a34189aa2
IMG_007321,hn01-gate-queue,DEV,20260908,5d54ea52743f1ace1828fe55dc8dbe501bb667275a05ebefe6695de0bfbfb513
IMG_007322,hn01-gate-queue,DEV,20260908,5f5bb3f0820e0ce03d0e136be988d25823d040a9e55e5269e08d82b7cd4f80df
IMG_007326,hn01-gate-queue,DEV,20260908,78fdfd0b4c7615792d11defabbceb871821d5f100b960af7039b6f7f47b416f8
IMG_007328,hn01-gate-queue,DEV,20260908,810192763b1c8c6d59a85730b37e7438061b058a70c568b3f40fd969b752ee3b
IMG_007349,hn01-gate-queue,DEV,20260908,87f3a5fce44b74f56fc0904f3d8cada92f01ffcb8ff8ed81f90e49d403ee6691
IMG_007343,hn01-gate-queue,DEV,20260908,89dee5dd15ed478423683697a559d555174eba82c2fd529625b5071e73e29f0e
IMG_007323,hn01-gate-queue,DEV,20260908,8a8db64a02e90d18673ee81e19fc90f462be1da7cfbb2a0f12fce5330d4d2bb6
IMG_007337,hn01-gate-queue,DEV,20260908,95caccbbb8a4b2c29ef2fa410ddad724505a58337097083e0499232de007d168
IMG_007338,hn01-gate-queue,VAL,20260908,9788ef6b372d42f1f54eff29ec85ecc8f0089b2cfada2e0a1fa18910649a8a44
IMG_007339,hn01-gate-queue,VAL,20260908,a20b7d14d0d504cb5e51ccc2819ccbe48b806c48bcd1a489afdd321ee23cbd63
IMG_007341,hn01-gate-queue,VAL,20260908,a6d3e162ee6fdc4845e8b67cebdee1bee4f019a1f151a8640fdb5e5af0456359
IMG_007342,hn01-gate-queue,VAL,20260908,aa05df1b5b70a48a3d042ce411dbf13839535e87b24797a2f497b86092ad3af9
IMG_007320,hn01-gate-queue,VAL,20260908,af12be9406cbc6a0dc8da534a4c2669e7a2aa90a067acd19ed2057e96e0fa3ea
IMG_007333,hn01-gate-queue,VAL,20260908,af6458a42d1b33acc884bdceead3c872cb294a668810ddbb1300dbd1213ff612
IMG_007332,hn01-gate-queue,HOLDOUT,20260908,b4e57ff3d82b86f66dce405ad2f2f06e5a8ba5391ed76b5bfad7230a7fb8378f
IMG_007345,hn01-gate-queue,HOLDOUT,20260908,b82e675cb91812f3665a58e5438ee159868fb1a96050d29fa7900a9139179cd9
IMG_007331,hn01-gate-queue,HOLDOUT,20260908,c37e6cd71183b26fa7c2d441627f8656336b9e53c8715a5d1f7c8c06e950f4dd
IMG_007330,hn01-gate-queue,HOLDOUT,20260908,db495707ea6040b2c0bc535dd3f18df1e06571d902ebd93328a83ef6610548a7
IMG_007324,hn01-gate-queue,HOLDOUT,20260908,e7322aaea107e7d1dc79a29ddd4fbecd316da6570073616505b8594a4ff9b981
IMG_007325,hn01-gate-queue,HOLDOUT,20260908,e8b725990f7d2757e2eb3a77c520bf48775df857810d5756623ddecf4376e483
IMG_007357,hn02-faded-lines-but-confirmably-inside,DEV,20260908,179277856d2a1e25b7a72d9bd44c6fb8b1953acb2e5773647cb207b8150ad483
IMG_007354,hn02-faded-lines-but-confirmably-inside,DEV,20260908,8ff580e5b0274f7a01be4a2a05164b82e8b6d10eb5dd3abfb2783b3d3186a7ec
IMG_007350,hn02-faded-lines-but-confirmably-inside,DEV,20260908,acbb67d33e8aa33979c74de2c142fcd6ab6b2e342d21e1a630319148727cf486
IMG_007359,hn02-faded-lines-but-confirmably-inside,DEV,20260908,ace3bb0aec95ca4fb4fe80e6754a70a39256b97b4b8bbb0ca38668ab135b81b2
IMG_007355,hn02-faded-lines-but-confirmably-inside,DEV,20260908,b40f3dcbeecc45432df1ed864d2e5c1860d26d25de1f6e18087f79f4c407fe6c
IMG_007358,hn02-faded-lines-but-confirmably-inside,DEV,20260908,c6db1a181e384bca81636077b2e4d9d53eed27f21c3d766e7afc37964ae4d2fe
IMG_007351,hn02-faded-lines-but-confirmably-inside,VAL,20260908,d048b004b4f1b05891324fa28be813ee038995192d680bd682a53cce2db83f6f
IMG_007352,hn02-faded-lines-but-confirmably-inside,VAL,20260908,e933075fc63412bab6a773ea34c8b6583d286c081684019aa2f1a3967e98555f
IMG_007353,hn02-faded-lines-but-confirmably-inside,HOLDOUT,20260908,f3ac463c1db140bfb7dc73b52b1790c8b4ab8b4de25c37b5c9db5be9a2c1ee3b
IMG_007356,hn02-faded-lines-but-confirmably-inside,HOLDOUT,20260908,fe3938eb66d755b48294db38486323fcfd2357d5210c19044779fa288f368e7d
IMG_007367,hn03-perspective-looks-like-crossing,DEV,20260908,1097b84056ffa0c4d2aaaef70b5dafc7a7c4c1a89c4e0b4bc114b7be2e083211
IMG_007366,hn03-perspective-looks-like-crossing,DEV,20260908,2a578a5b4e7be31c93e1db614e138aab0bc67b4f01aea847a54f2f0b109dfeeb
IMG_007360,hn03-perspective-looks-like-crossing,DEV,20260908,4e16cf0f50c2007a1f17e0d4bad0bfe51c7cf19bb7c498cf5eb0702d8b86a931
IMG_007363,hn03-perspective-looks-like-crossing,DEV,20260908,4f2fae99914f2f86d9dad0851b742569ad7cc05eac065b9eefce6ddaa34eb566
IMG_007364,hn03-perspective-looks-like-crossing,DEV,20260908,889473e2b05f9c5123e75d3e42d343b3e6bb992779d2197aec883696a8b9dc41
IMG_007361,hn03-perspective-looks-like-crossing,DEV,20260908,9106116673bf9a41879042fd500c2d12a7ba81340857f6e74f471db3c10fdf5a
IMG_007368,hn03-perspective-looks-like-crossing,VAL,20260908,b3bc9a48640f5bb9645033ab18bfea57d33ed780170024a0f393a0ee70ccdab6
IMG_007362,hn03-perspective-looks-like-crossing,VAL,20260908,d88b62231482cef13125d77df8e93547a093f64295cb773ad217125d70e0124f
IMG_007365,hn03-perspective-looks-like-crossing,HOLDOUT,20260908,e387c889db729f044b7fbb4e11c05761850af0409ed6f9c6bcaa8ed1edf1168e
IMG_007369,hn03-perspective-looks-like-crossing,HOLDOUT,20260908,fabd9f1fce5308b37d651b3ec9704be2008aa4a68266b50be704f80033b86126
IMG_007374,hn04-large-vehicle-compliant,DEV,20260908,044d625690f231753aa5533ec8c0f88400e9c225229b20075649467329efc705
IMG_007376,hn04-large-vehicle-compliant,DEV,20260908,069b992beea1204d24f56743cb82ce3ce0b246a24a6b2c03fd600455a231372a
IMG_007370,hn04-large-vehicle-compliant,DEV,20260908,0e86157a6a3a2b944554e800a937316fb0ca72df9849a97715b0c161d2e60ac5
IMG_007377,hn04-large-vehicle-compliant,DEV,20260908,24cfce181d0f4bfcb2913cf75f364658ea85012ef2c19b34797bb7a763c4b75c
IMG_007379,hn04-large-vehicle-compliant,DEV,20260908,3bc4c58b369b5323640e1916605b1dee6c37ab3aacdc1ae575539ccb9874e695
IMG_007371,hn04-large-vehicle-compliant,DEV,20260908,45624e1129d180583b5f1a1ef333ea940b65fd893eff561ca29781a3b07a6f0b
IMG_007375,hn04-large-vehicle-compliant,VAL,20260908,4f27360fd08f8bed3427633030e8000be0a79b3ebf52404b46b1d25eee442d31
IMG_007378,hn04-large-vehicle-compliant,VAL,20260908,5a7c94b85f6404c01500660df00a31fbdf02357875c2ae8e5c14d4e7b193b9bc
IMG_007373,hn04-large-vehicle-compliant,HOLDOUT,20260908,bfc1fee4ab6e269debe8abd1a364773298acfd80ebd6b78c4df22f775d7bfb7e
IMG_007372,hn04-large-vehicle-compliant,HOLDOUT,20260908,ff2500d128efc3059073b553a955ef183e4b4c649b1ec8a3f5232c5472145732
IMG_007387,hn05-adjacent-vehicle-occludes-lines,DEV,20260908,0cd6526275a0c50d6c1c3f14091dfbfaed3fb5cc228f884bfd7c812d9d3287f0
IMG_007384,hn05-adjacent-vehicle-occludes-lines,DEV,20260908,1573a71d5608f10e934576f925109df270aec0b5f17243b379c82c2438656904
IMG_007385,hn05-adjacent-vehicle-occludes-lines,DEV,20260908,17b7760b2f00b643b81001ce11be07566f88b99d363b1226b1bad51bfac71c91
IMG_007383,hn05-adjacent-vehicle-occludes-lines,DEV,20260908,28a07b7deee1802774d4e20e3f0e6552cfb291144d001c4f0b2df961c6cfc7e6
IMG_007389,hn05-adjacent-vehicle-occludes-lines,DEV,20260908,4b6ba2477352f81448164b04e294fc983d06de9e4e61bb7bdf9b2b4f9d1c20ce
IMG_007388,hn05-adjacent-vehicle-occludes-lines,DEV,20260908,4bf157184c699fcef7ebed036b957e657acd22ad9a62fef3449335246af956c3
IMG_007386,hn05-adjacent-vehicle-occludes-lines,VAL,20260908,7b1b9bf6f559d8090a183d07e9d1b62e340176d1a42dd44359078d7d4a9b9243
IMG_007382,hn05-adjacent-vehicle-occludes-lines,VAL,20260908,8f39739af5485e51f7ce66bf579db62858847074f7254456372aa7c1bfc35df3
IMG_007380,hn05-adjacent-vehicle-occludes-lines,HOLDOUT,20260908,bcf66e02e76bd2d13926962185fe29642f548d892bcb4ce573fdee66ccf63178
IMG_007381,hn05-adjacent-vehicle-occludes-lines,HOLDOUT,20260908,ed2dc5814779f8f37a6e9d09205b5fbac56357c67d7c557972803bb95f848a03
IMG_007393,hn06-shadows-cracks-curbs-mimic-lines,DEV,20260908,1fa8da4b554876c49e7b4a0b6287dc79cc0b6b4c9cb4c84b06c20612941a58d7
IMG_007396,hn06-shadows-cracks-curbs-mimic-lines,DEV,20260908,3a06612fd904ddec8e1ca7bfc091b98dc86fbc95158d5070062ba2a55cf53ea9
IMG_007394,hn06-shadows-cracks-curbs-mimic-lines,DEV,20260908,4500eb74c105446ed550c4f07ccb89e1ff15a79447dbd455d14e55f29fe05558
IMG_007399,hn06-shadows-cracks-curbs-mimic-lines,DEV,20260908,4590dd075367a8fc69162279d90966d67c72f5066f72b031cd68e0690254e1b5
IMG_007392,hn06-shadows-cracks-curbs-mimic-lines,DEV,20260908,6b44279d31c849ed634865205efba41556a08fbd7a4e2b308d8a5796939df7ac
IMG_007397,hn06-shadows-cracks-curbs-mimic-lines,DEV,20260908,8e4b403ed3c72c919fc73e4d6cd01ab9140cdafbd6889bf629f29d206be3830e
IMG_007391,hn06-shadows-cracks-curbs-mimic-lines,VAL,20260908,a05aa61ea16dff45aa0f56eba0209cb1fb66bfb6e91d9206b2a6d194628fbd26
IMG_007395,hn06-shadows-cracks-curbs-mimic-lines,VAL,20260908,a596cf90432369ecf4b55b60e878b831b416b221d1ba3cd5dee48811e5ce17fe
IMG_007390,hn06-shadows-cracks-curbs-mimic-lines,HOLDOUT,20260908,bc8de5d0ab0d196a19a7baa71c2fec39b7ef4317575a38fae87e612290eb2993
IMG_007398,hn06-shadows-cracks-curbs-mimic-lines,HOLDOUT,20260908,c6c99da7f77b4bb5604ccb198008ab1eec0b22f15c004ef7169c4f5918006f0e
IMG_007685,u01-insufficient-parking-visual-evidence,DEV,20260908,2db9b188a97acc35868861642b5bb975abab4d29d060d8d8cb959c8d9c78a482
IMG_007684,u01-insufficient-parking-visual-evidence,DEV,20260908,34192714bd01bec17ee2b842f6d4f0a6b202f1d8222781febc62aec0308d15d5
IMG_007682,u01-insufficient-parking-visual-evidence,DEV,20260908,3ea6b76b7745c811ed4b4a523d79caabcff38c22385ba20dc70b24cf2f7784e8
IMG_007688,u01-insufficient-parking-visual-evidence,DEV,20260908,5722e0374d5e38858b719d09e6b88d508d83b65caeb469b9d69fac52abde4c93
IMG_007686,u01-insufficient-parking-visual-evidence,DEV,20260908,60ad2fba9f6e417e46f430b9b90671bffdaf500a3cb556d839a38ef99000b286
IMG_007683,u01-insufficient-parking-visual-evidence,DEV,20260908,86615edf93641ff540d4d466276975d7584d73a762c1960d60d21ff11a69bc6f
IMG_007678,u01-insufficient-parking-visual-evidence,DEV,20260908,a5bd8ef964b08be812b1f820aa35f8ad103e0c67ae695063d4eb1029dea2ebcc
IMG_007687,u01-insufficient-parking-visual-evidence,DEV,20260908,a8eb25ae8b50180c3c89bce1754231158006979710dd983f6ef98bb6a89a6cdf
IMG_007677,u01-insufficient-parking-visual-evidence,DEV,20260908,ad347e357bfb4d84df44481abebd48ceb9b5218a632436cdfc122613dc75c7a6
IMG_007679,u01-insufficient-parking-visual-evidence,VAL,20260908,b8f8442297e91aaf3845aa249d8e133914896fc1df32c84ab4194cf05b6d0919
IMG_007681,u01-insufficient-parking-visual-evidence,VAL,20260908,bb24683bf92f38b993b4832046375709da55e8ef941055ae67e6ebbcba98d8fd
IMG_007689,u01-insufficient-parking-visual-evidence,VAL,20260908,d2e917042814d90d98de97e27ce40a0a403da823a0535c94b15def4edd96c651
IMG_007690,u01-insufficient-parking-visual-evidence,HOLDOUT,20260908,e498b281a1028aa15ba04bc74d4d9e45098a413a8f9909adb36178328e79caa0
IMG_007691,u01-insufficient-parking-visual-evidence,HOLDOUT,20260908,e7a5a10ad3eded5cf429296fb4553ca298a450dc3011b3088640606eb73b29c6
IMG_007680,u01-insufficient-parking-visual-evidence,HOLDOUT,20260908,e9e599a16085cd8796f0ea65c14e26313d957f491bc214af7622ccd11c3e6cef
IMG_007692,u02-markings-severely-missing-or-occluded,DEV,20260908,1ce3dfd81f2e7b1d5896858973ff3051bbdc7250e35d47d19ef91c94f5101e93
IMG_007695,u02-markings-severely-missing-or-occluded,DEV,20260908,2026cef54c961df8d97979ddf8611707e7fa00f7abb60ee24b85319c866a67d8
IMG_007697,u02-markings-severely-missing-or-occluded,DEV,20260908,396cc1cc2b8206a2606f00503bb240a7368d31cb85d598dba9e1b016ef0982f1
IMG_007694,u02-markings-severely-missing-or-occluded,DEV,20260908,57bbb0593e35c3d5e84f435b137b4e359bad9e8572d33483cbaea3b0ed449ff8
IMG_007693,u02-markings-severely-missing-or-occluded,DEV,20260908,62d56dc59a61bba3791f348ad99c43e96ad69899948f058dca274a18bc2592d2
IMG_007700,u02-markings-severely-missing-or-occluded,DEV,20260908,8061cde8c17dedb9e3865a2de550eaae088ee8833d65443ff04809ba9ecfdd71
IMG_007701,u02-markings-severely-missing-or-occluded,VAL,20260908,871834d1544ab02de5dfb68aae0d98e22d25b006b804c54da2c2ba00838aeb37
IMG_007699,u02-markings-severely-missing-or-occluded,VAL,20260908,ce6f6a92e24ee80bf84a3c6a929765c04fe7e6b832efbfdd666caf801fe28c84
IMG_007696,u02-markings-severely-missing-or-occluded,HOLDOUT,20260908,f48a8f5e49887e3a8e793be85ae5dcda8c36c6636f72a70b6c9dc640baff30db
IMG_007698,u02-markings-severely-missing-or-occluded,HOLDOUT,20260908,f6d034704786459d9b80c4ab3b9cdd523d24f223736154db0f69d77cd544a1e6
IMG_007704,u03-vehicle-cut-by-frame-edge,DEV,20260908,08163ef5b006e863a6a134260fbd300aa8e9a8deefa4dbb35040ffd706c2298a
IMG_007702,u03-vehicle-cut-by-frame-edge,DEV,20260908,1266c8ac9c6bcee89f7426e29d8c8e128e5e3aadc6e35c8726ff77102f96a949
IMG_007706,u03-vehicle-cut-by-frame-edge,DEV,20260908,73263776dc579012a681027a24b244963ec57a3a14fb39acd5a5de3fdee08ff0
IMG_007703,u03-vehicle-cut-by-frame-edge,VAL,20260908,c28f8bd27f1f87ffcb73f9e57382f6f89c63d6db44382228d10c66b50b27c979
IMG_007705,u03-vehicle-cut-by-frame-edge,HOLDOUT,20260908,d9448abaede59d6ab098ee90382723a7c9e69692df010281963e73730000bc4d
IMG_007710,u04-night-or-blur-boundary-unreadable,DEV,20260908,0ebf35f74aacf1672fa3353ef5daba19d519a2eaf04d672de0ebf3b9e3efe0d3
IMG_007707,u04-night-or-blur-boundary-unreadable,DEV,20260908,4ba1ae3ae2fbce22646b14e54a81af48de125e0013c3415e6f21c2262b75b2e2
IMG_007709,u04-night-or-blur-boundary-unreadable,DEV,20260908,d6b3dd6cddeb5826909c4a37b26237ae93c6ee91654126f194d43c2939007870
IMG_007711,u04-night-or-blur-boundary-unreadable,VAL,20260908,f40224ba0067d6d23194248be6f0d7c89ec3644a515e329022b6c374b054bb86
IMG_007708,u04-night-or-blur-boundary-unreadable,HOLDOUT,20260908,f4b63a58624840b10dee0fed6f9940323adfe1e78ffeae7bada7db5618bbca4f
IMG_007714,u05-gate-queue-or-parking-ambiguous,DEV,20260908,0d1ef67481ed8d0b71e0b825c417f73117be81fe0cbb78d2a5f86c55f7b2c656
IMG_007713,u05-gate-queue-or-parking-ambiguous,DEV,20260908,51619efa4caabd0f327b546c3656bb65107a1741970b44dc6e9995229e5a2231
IMG_007712,u05-gate-queue-or-parking-ambiguous,DEV,20260908,9aa97a06fc3053cf32e8e706f2e9c68670b5d1859b4d73d0188b2efd9d72a2af
IMG_007715,u05-gate-queue-or-parking-ambiguous,VAL,20260908,a8cec2e5190f22fa526b6fa64d3ccb9769379c883bd512d03c968230260c6baa
IMG_007716,u05-gate-queue-or-parking-ambiguous,HOLDOUT,20260908,cb445d79929a4f63599c819afe6c7c40adcc312af26888b0f0817e52d78c2ed8
