media_id,group_key,gt,r0_frame,r1_frame,r0_q1,r1_q1,r0_all_A,r1_any_C,r1_any_B
IMG_007533,p01-outside-legal-bay-clear,positive,negative,negative,A,C,True,True,False
IMG_007552,p01-outside-legal-bay-clear,positive,positive,positive,C,C,False,True,False
IMG_007555,p01-outside-legal-bay-clear,positive,negative,positive,A,C,True,True,False
IMG_007530,p01-outside-legal-bay-clear,positive,positive,positive,C|C,C|C,False,True,False
IMG_007520,p01-outside-legal-bay-clear,positive,negative,positive,A,C,True,True,False
IMG_007548,p01-outside-legal-bay-clear,positive,negative,negative,A,A,True,False,False
IMG_007541,p01-outside-legal-bay-clear,positive,negative,positive,A,C,True,True,False
IMG_007531,p01-outside-legal-bay-clear,positive,negative,positive,A,C,True,True,False
IMG_007535,p01-outside-legal-bay-clear,positive,negative,positive,A,C,True,True,False
IMG_007534,p01-outside-legal-bay-clear,positive,negative,positive,A,C,True,True,False
IMG_007551,p01-outside-legal-bay-clear,positive,negative,positive,A,C,True,True,False
IMG_007529,p01-outside-legal-bay-clear,positive,negative,positive,A,C,True,True,False
IMG_007556,p01-outside-legal-bay-clear,positive,negative,positive,A|A,C|C,True,True,False
IMG_007547,p01-outside-legal-bay-clear,positive,negative,positive,A,C,True,True,False
IMG_007554,p01-outside-legal-bay-clear,positive,positive,positive,C,C,False,True,False
IMG_007549,p01-outside-legal-bay-clear,positive,negative,positive,A,C,True,True,False
IMG_007542,p01-outside-legal-bay-clear,positive,negative,positive,A,C,True,True,False
IMG_007558,p01-outside-legal-bay-clear,positive,negative,positive,A,C,True,True,False
IMG_007527,p01-outside-legal-bay-clear,positive,negative,positive,A|A,C|C,True,True,False
IMG_007536,p01-outside-legal-bay-clear,positive,negative,positive,A,C,True,True,False
IMG_007524,p01-outside-legal-bay-clear,positive,negative,positive,A,C,True,True,False
IMG_007521,p01-outside-legal-bay-clear,positive,negative,positive,A,C,True,True,False
IMG_007539,p01-outside-legal-bay-clear,positive,negative,positive,A,C,True,True,False
IMG_007581,p02-cross-single-boundary-line,negative,negative,positive,A|A,C|C,True,True,False
IMG_007575,p02-cross-single-boundary-line,negative,negative,positive,A,C,True,True,False
IMG_007571,p02-cross-single-boundary-line,positive,negative,negative,A,A,True,False,False
IMG_007585,p02-cross-single-boundary-line,positive,negative,positive,A|A,A|C,True,True,False
IMG_007559,p02-cross-single-boundary-line,positive,negative,positive,A,C,True,True,False
IMG_007583,p02-cross-single-boundary-line,negative,negative,negative,A,A,True,False,False
IMG_007586,p02-cross-single-boundary-line,positive,negative,positive,A,C,True,True,False
IMG_007587,p02-cross-single-boundary-line,positive,negative,positive,A|A,C|C,True,True,False
IMG_007576,p02-cross-single-boundary-line,negative,negative,positive,A,C,True,True,False
IMG_007584,p02-cross-single-boundary-line,positive,negative,positive,A,C,True,True,False
IMG_007570,p02-cross-single-boundary-line,positive,negative,positive,A,C,True,True,False
IMG_007577,p02-cross-single-boundary-line,negative,negative,negative,A|A,A|A,True,False,False
IMG_007560,p02-cross-single-boundary-line,positive,negative,positive,A|A,A|C,True,True,False
IMG_007569,p02-cross-single-boundary-line,positive,negative,positive,A,C,True,True,False
IMG_007593,p02-cross-single-boundary-line,negative,negative,positive,A,C,True,True,False
IMG_007574,p02-cross-single-boundary-line,positive,negative,positive,A,C,True,True,False
IMG_007580,p02-cross-single-boundary-line,positive,negative,positive,A,C,True,True,False
IMG_007562,p02-cross-single-boundary-line,negative,negative,positive,A,C,True,True,False
IMG_007592,p02-cross-single-boundary-line,negative,negative,negative,A,A,True,False,False
IMG_007564,p02-cross-single-boundary-line,negative,negative,positive,A,C,True,True,False
IMG_007588,p02-cross-single-boundary-line,positive,negative,negative,A|A,A|A,True,False,False
IMG_007602,p03-span-two-bays,positive,negative,positive,A,C,True,True,False
IMG_007621,p03-span-two-bays,positive,negative,negative,A,A,True,False,False
IMG_007598,p03-span-two-bays,positive,negative,positive,A,C,True,True,False
IMG_007608,p03-span-two-bays,positive,negative,negative,A,A,True,False,False
IMG_007620,p03-span-two-bays,positive,negative,positive,A,C,True,True,False
IMG_007617,p03-span-two-bays,positive,negative,positive,A,C,True,True,False
IMG_007603,p03-span-two-bays,positive,negative,negative,A|A,A|A,True,False,False
IMG_007606,p03-span-two-bays,positive,negative,negative,A|A,A|A,True,False,False
IMG_007599,p03-span-two-bays,positive,negative,positive,A|A,C|C,True,True,False
IMG_007610,p03-span-two-bays,positive,negative,positive,A|A,A|C,True,True,False
IMG_007594,p03-span-two-bays,positive,negative,negative,A,A,True,False,False
IMG_007618,p03-span-two-bays,positive,negative,negative,A,A,True,False,False
IMG_007611,p03-span-two-bays,positive,negative,negative,A,A,True,False,False
IMG_007612,p03-span-two-bays,positive,negative,negative,A,A,True,False,False
IMG_007614,p03-span-two-bays,positive,negative,negative,A,A,True,False,False
IMG_007615,p03-span-two-bays,positive,negative,negative,A,A,True,False,False
IMG_007601,p03-span-two-bays,positive,negative,positive,A,C,True,True,False
IMG_007609,p03-span-two-bays,positive,negative,negative,A,A,True,False,False
IMG_007629,p04-angled-footprint-outside,negative,negative,positive,A,C,True,True,False
IMG_007634,p04-angled-footprint-outside,positive,negative,positive,A|A,C|C,True,True,False
IMG_007626,p04-angled-footprint-outside,negative,negative,negative,A,A,True,False,False
IMG_007637,p04-angled-footprint-outside,negative,negative,negative,A,A,True,False,False
IMG_007635,p04-angled-footprint-outside,negative,negative,negative,A,A,True,False,False
IMG_007627,p04-angled-footprint-outside,negative,negative,negative,A,A,True,False,False
IMG_007631,p04-angled-footprint-outside,negative,negative,positive,A,C,True,True,False
IMG_007633,p04-angled-footprint-outside,positive,negative,positive,A,C,True,True,False
IMG_007643,p04-angled-footprint-outside,negative,negative,negative,A,A,True,False,False
IMG_007642,p04-angled-footprint-outside,negative,negative,positive,A|A,A|C,True,True,False
IMG_007644,p04-angled-footprint-outside,negative,negative,positive,A,C,True,True,False
IMG_007625,p04-angled-footprint-outside,positive,negative,negative,A,A,True,False,False
IMG_007632,p04-angled-footprint-outside,positive,negative,negative,A,A,True,False,False
IMG_007646,p04-angled-footprint-outside,positive,negative,negative,A,A,True,False,False
IMG_007654,p05-multi-vehicle-at-least-one-violation,negative,negative,positive,A|A,A|C,True,True,False
IMG_007655,p05-multi-vehicle-at-least-one-violation,negative,negative,positive,A|A,C|A,True,True,False
IMG_007661,p05-multi-vehicle-at-least-one-violation,negative,negative,positive,A|A,A|C,True,True,False
IMG_007650,p05-multi-vehicle-at-least-one-violation,positive,negative,negative,A|A,A|A,True,False,False
IMG_007647,p05-multi-vehicle-at-least-one-violation,negative,negative,positive,A|A,A|C,True,True,False
IMG_007658,p05-multi-vehicle-at-least-one-violation,positive,negative,positive,A,C,True,True,False
IMG_007664,p05-multi-vehicle-at-least-one-violation,negative,negative,negative,A|A,A|A,True,False,False
IMG_007659,p05-multi-vehicle-at-least-one-violation,positive,negative,positive,A|A,A|C,True,True,False
IMG_007648,p05-multi-vehicle-at-least-one-violation,negative,negative,negative,A,A,True,False,False
IMG_007652,p05-multi-vehicle-at-least-one-violation,negative,negative,negative,A|A,A|A,True,False,False
IMG_007656,p05-multi-vehicle-at-least-one-violation,positive,negative,negative,A|A,A|A,True,False,False
IMG_007665,p05-multi-vehicle-at-least-one-violation,negative,negative,negative,A|A,A|A,True,False,False
IMG_007672,p06-nose-or-tail-intrudes-aisle,negative,negative,positive,A,C,True,True,False
IMG_007675,p06-nose-or-tail-intrudes-aisle,negative,negative,negative,A,A,True,False,False
IMG_007674,p06-nose-or-tail-intrudes-aisle,negative,negative,negative,A,A,True,False,False
IMG_007667,p06-nose-or-tail-intrudes-aisle,negative,negative,negative,A,A,True,False,False
IMG_007673,p06-nose-or-tail-intrudes-aisle,negative,negative,negative,A|A,A|A,True,False,False
IMG_007676,p06-nose-or-tail-intrudes-aisle,negative,negative,positive,A,C,True,True,False
IMG_007400,n01-standard-inside-bay,negative,negative,negative,A,A,True,False,False
IMG_007415,n01-standard-inside-bay,negative,negative,positive,A,C,True,True,False
IMG_007419,n01-standard-inside-bay,negative,negative,positive,A|A,A|C,True,True,False
IMG_007424,n01-standard-inside-bay,negative,negative,negative,A,A,True,False,False
IMG_007427,n01-standard-inside-bay,negative,negative,negative,A|A,A|A,True,False,False
IMG_007405,n01-standard-inside-bay,negative,negative,negative,A,A,True,False,False
IMG_007416,n01-standard-inside-bay,negative,negative,negative,A,A,True,False,False
IMG_007421,n01-standard-inside-bay,negative,negative,positive,A|A,A|C,True,True,False
IMG_007410,n01-standard-inside-bay,negative,negative,negative,A,A,True,False,False
IMG_007404,n01-standard-inside-bay,negative,negative,positive,A|A,C|A,True,True,False
IMG_007413,n01-standard-inside-bay,negative,negative,negative,A|A,A|A,True,False,False
IMG_007428,n01-standard-inside-bay,negative,negative,negative,A,A,True,False,False
IMG_007417,n01-standard-inside-bay,negative,negative,negative,A,A,True,False,False
IMG_007407,n01-standard-inside-bay,negative,negative,negative,A,A,True,False,False
IMG_007425,n01-standard-inside-bay,negative,negative,negative,A,A,True,False,False
IMG_007406,n01-standard-inside-bay,negative,negative,negative,A,A,True,False,False
IMG_007429,n01-standard-inside-bay,negative,negative,negative,A|A,A|A,True,False,False
IMG_007422,n01-standard-inside-bay,negative,negative,negative,A,A,True,False,False
IMG_007442,n02-close-to-line-but-inside,negative,negative,negative,A,A,True,False,False
IMG_007454,n02-close-to-line-but-inside,negative,negative,negative,A,A,True,False,False
IMG_007445,n02-close-to-line-but-inside,negative,negative,negative,A|A,A|A,True,False,False
IMG_007450,n02-close-to-line-but-inside,negative,negative,negative,A,A,True,False,False
IMG_007433,n02-close-to-line-but-inside,negative,negative,positive,A,C,True,True,False
IMG_007444,n02-close-to-line-but-inside,negative,negative,negative,A,A,True,False,False
IMG_007435,n02-close-to-line-but-inside,negative,negative,positive,A,C,True,True,False
IMG_007441,n02-close-to-line-but-inside,negative,negative,positive,A,C,True,True,False
IMG_007446,n02-close-to-line-but-inside,negative,negative,positive,A,C,True,True,False
IMG_007440,n02-close-to-line-but-inside,negative,negative,positive,A,C,True,True,False
IMG_007434,n02-close-to-line-but-inside,negative,negative,negative,A,A,True,False,False
IMG_007437,n02-close-to-line-but-inside,negative,negative,negative,A,A,True,False,False
IMG_007449,n02-close-to-line-but-inside,negative,negative,negative,A,A,True,False,False
IMG_007439,n02-close-to-line-but-inside,negative,negative,negative,A,A,True,False,False
IMG_007453,n02-close-to-line-but-inside,negative,negative,positive,A,C,True,True,False
IMG_007457,n03-diagonal-bay-correct,negative,negative,positive,A|A,C|C,True,True,False
IMG_007468,n03-diagonal-bay-correct,negative,negative,negative,A,A,True,False,False
IMG_007467,n03-diagonal-bay-correct,negative,negative,negative,A|A,A|A,True,False,False
IMG_007460,n03-diagonal-bay-correct,negative,negative,negative,A,A,True,False,False
IMG_007465,n03-diagonal-bay-correct,negative,negative,negative,A,A,True,False,False
IMG_007466,n03-diagonal-bay-correct,negative,negative,negative,A,A,True,False,False
IMG_007463,n03-diagonal-bay-correct,negative,negative,positive,A|A,C|C,True,True,False
IMG_007455,n03-diagonal-bay-correct,negative,negative,positive,A,C,True,True,False
IMG_007469,n03-diagonal-bay-correct,negative,negative,negative,A,A,True,False,False
IMG_007470,n04-parallel-bay-correct,negative,negative,negative,A,A,True,False,False
IMG_007475,n04-parallel-bay-correct,negative,negative,negative,A,A,True,False,False
IMG_007471,n04-parallel-bay-correct,negative,negative,negative,A,A,True,False,False
IMG_007484,n04-parallel-bay-correct,negative,negative,negative,A,A,True,False,False
IMG_007477,n04-parallel-bay-correct,negative,negative,positive,A,C,True,True,False
IMG_007482,n04-parallel-bay-correct,negative,negative,negative,A|A,A|A,True,False,False
IMG_007480,n04-parallel-bay-correct,negative,negative,positive,A|A,C|C,True,True,False
IMG_007479,n04-parallel-bay-correct,negative,negative,negative,A,A,True,False,False
IMG_007473,n04-parallel-bay-correct,negative,negative,positive,A,C,True,True,False
IMG_007485,n05-multiple-all-correct,negative,negative,negative,A|A,A|A,True,False,False
IMG_007494,n05-multiple-all-correct,negative,negative,negative,A,A,True,False,False
IMG_007497,n05-multiple-all-correct,negative,negative,negative,A|A,A|A,True,False,False
IMG_007499,n05-multiple-all-correct,negative,negative,negative,A,A,True,False,False
IMG_007498,n05-multiple-all-correct,negative,negative,negative,A|A,A|A,True,False,False
IMG_007487,n05-multiple-all-correct,negative,negative,negative,A|A,A|A,True,False,False
IMG_007488,n05-multiple-all-correct,negative,negative,negative,A|A,A|A,True,False,False
IMG_007491,n05-multiple-all-correct,negative,negative,negative,A,A,True,False,False
IMG_007492,n05-multiple-all-correct,negative,negative,negative,A|A,A|A,True,False,False
IMG_007511,n06-special-marked-space-geometry-correct,negative,negative,negative,A|A,A|A,True,False,False
IMG_007500,n06-special-marked-space-geometry-correct,negative,negative,negative,A,A,True,False,False
IMG_007516,n06-special-marked-space-geometry-correct,negative,negative,negative,A,A,True,False,False
IMG_007503,n06-special-marked-space-geometry-correct,negative,negative,negative,A,A,True,False,False
IMG_007512,n06-special-marked-space-geometry-correct,negative,negative,negative,A,A,True,False,False
IMG_007507,n06-special-marked-space-geometry-correct,negative,negative,negative,A,A,True,False,False
IMG_007509,n06-special-marked-space-geometry-correct,negative,negative,negative,A,A,True,False,False
IMG_007514,n06-special-marked-space-geometry-correct,negative,negative,negative,A,A,True,False,False
IMG_007508,n06-special-marked-space-geometry-correct,negative,negative,negative,A|A,A|A,True,False,False
IMG_007506,n06-special-marked-space-geometry-correct,negative,negative,negative,A,A,True,False,False
IMG_007517,n06-special-marked-space-geometry-correct,negative,negative,negative,A,A,True,False,False
IMG_007519,n06-special-marked-space-geometry-correct,negative,negative,negative,A,A,True,False,False
IMG_007327,hn01-gate-queue,secondary_gate_queue,negative,negative,C,C,False,True,False
IMG_007346,hn01-gate-queue,secondary_gate_queue,negative,negative,A,C,True,True,False
IMG_007334,hn01-gate-queue,secondary_gate_queue,negative,negative,C,C,False,True,False
IMG_007344,hn01-gate-queue,secondary_gate_queue,negative,negative,C,C,False,True,False
IMG_007336,hn01-gate-queue,secondary_gate_queue,negative,negative,C,C,False,True,False
IMG_007348,hn01-gate-queue,secondary_gate_queue,negative,negative,C|C,C|C,False,True,False
IMG_007340,hn01-gate-queue,secondary_gate_queue,negative,negative,A|C,C|C,False,True,False
IMG_007335,hn01-gate-queue,secondary_gate_queue,negative,negative,C,C,False,True,False
IMG_007329,hn01-gate-queue,secondary_gate_queue,negative,negative,A|C,C|C,False,True,False
IMG_007347,hn01-gate-queue,secondary_gate_queue,negative,negative,C,C,False,True,False
IMG_007321,hn01-gate-queue,secondary_gate_queue,negative,negative,A,C,True,True,False
IMG_007322,hn01-gate-queue,secondary_gate_queue,negative,negative,C,C,False,True,False
IMG_007326,hn01-gate-queue,secondary_gate_queue,negative,negative,C,C,False,True,False
IMG_007328,hn01-gate-queue,secondary_gate_queue,negative,negative,A,C,True,True,False
IMG_007349,hn01-gate-queue,secondary_gate_queue,negative,negative,C,C,False,True,False
IMG_007343,hn01-gate-queue,secondary_gate_queue,negative,negative,C,C,False,True,False
IMG_007323,hn01-gate-queue,secondary_gate_queue,negative,negative,C,C,False,True,False
IMG_007337,hn01-gate-queue,secondary_gate_queue,negative,negative,C,C,False,True,False
IMG_007357,hn02-faded-lines-but-confirmably-inside,negative,negative,negative,A,A,True,False,False
IMG_007354,hn02-faded-lines-but-confirmably-inside,negative,negative,positive,A,C,True,True,False
IMG_007350,hn02-faded-lines-but-confirmably-inside,negative,negative,negative,A,A,True,False,False
IMG_007359,hn02-faded-lines-but-confirmably-inside,negative,negative,negative,A|A,A|A,True,False,False
IMG_007355,hn02-faded-lines-but-confirmably-inside,negative,negative,negative,A,A,True,False,False
IMG_007358,hn02-faded-lines-but-confirmably-inside,negative,negative,negative,A,A,True,False,False
IMG_007367,hn03-perspective-looks-like-crossing,negative,negative,positive,A,C,True,True,False
IMG_007366,hn03-perspective-looks-like-crossing,negative,negative,negative,A,A,True,False,False
IMG_007360,hn03-perspective-looks-like-crossing,negative,negative,positive,A,C,True,True,False
IMG_007363,hn03-perspective-looks-like-crossing,negative,negative,positive,A,C,True,True,False
IMG_007364,hn03-perspective-looks-like-crossing,negative,negative,negative,A,A,True,False,False
IMG_007361,hn03-perspective-looks-like-crossing,negative,negative,positive,A|A,C|C,True,True,False
IMG_007374,hn04-large-vehicle-compliant,negative,negative,negative,A,A,True,False,False
IMG_007376,hn04-large-vehicle-compliant,negative,negative,negative,A,A,True,False,False
IMG_007370,hn04-large-vehicle-compliant,negative,negative,positive,A,C,True,True,False
IMG_007377,hn04-large-vehicle-compliant,negative,negative,positive,A,C,True,True,False
IMG_007379,hn04-large-vehicle-compliant,negative,negative,negative,A,A,True,False,False
IMG_007371,hn04-large-vehicle-compliant,negative,negative,positive,A,C,True,True,False
IMG_007387,hn05-adjacent-vehicle-occludes-lines,negative,negative,negative,A|A,A|A,True,False,False
IMG_007384,hn05-adjacent-vehicle-occludes-lines,negative,negative,positive,A,C,True,True,False
IMG_007385,hn05-adjacent-vehicle-occludes-lines,negative,negative,positive,A,C,True,True,False
IMG_007383,hn05-adjacent-vehicle-occludes-lines,negative,negative,negative,A|A,A|A,True,False,False
IMG_007389,hn05-adjacent-vehicle-occludes-lines,negative,negative,negative,A,A,True,False,False
IMG_007388,hn05-adjacent-vehicle-occludes-lines,negative,negative,positive,A,C,True,True,False
IMG_007393,hn06-shadows-cracks-curbs-mimic-lines,negative,negative,negative,A,A,True,False,False
IMG_007396,hn06-shadows-cracks-curbs-mimic-lines,negative,negative,positive,A|A,C|C,True,True,False
IMG_007394,hn06-shadows-cracks-curbs-mimic-lines,negative,negative,negative,A,A,True,False,False
IMG_007399,hn06-shadows-cracks-curbs-mimic-lines,negative,negative,negative,A,A,True,False,False
IMG_007392,hn06-shadows-cracks-curbs-mimic-lines,negative,negative,negative,A,A,True,False,False
IMG_007397,hn06-shadows-cracks-curbs-mimic-lines,negative,negative,positive,A|A,A|C,True,True,False
IMG_007685,u01-insufficient-parking-visual-evidence,uncertain,positive,positive,C,C,False,True,False
IMG_007684,u01-insufficient-parking-visual-evidence,uncertain,uncertain,positive,D,C,False,True,False
IMG_007682,u01-insufficient-parking-visual-evidence,uncertain,uncertain,positive,D,C,False,True,False
IMG_007688,u01-insufficient-parking-visual-evidence,uncertain,uncertain,positive,D,C,False,True,False
IMG_007686,u01-insufficient-parking-visual-evidence,uncertain,positive,positive,C,C,False,True,False
IMG_007683,u01-insufficient-parking-visual-evidence,uncertain,positive,positive,C,C,False,True,False
IMG_007678,u01-insufficient-parking-visual-evidence,uncertain,positive,positive,C,C,False,True,False
IMG_007687,u01-insufficient-parking-visual-evidence,uncertain,uncertain,positive,D,C,False,True,False
IMG_007677,u01-insufficient-parking-visual-evidence,uncertain,uncertain,positive,D,C,False,True,False
IMG_007692,u02-markings-severely-missing-or-occluded,uncertain,positive,positive,C|C,C|C,False,True,False
IMG_007695,u02-markings-severely-missing-or-occluded,uncertain,positive,positive,C,C,False,True,False
IMG_007697,u02-markings-severely-missing-or-occluded,uncertain,uncertain,positive,D,C,False,True,False
IMG_007694,u02-markings-severely-missing-or-occluded,uncertain,positive,positive,C,C,False,True,False
IMG_007693,u02-markings-severely-missing-or-occluded,uncertain,positive,positive,C,C,False,True,False
IMG_007700,u02-markings-severely-missing-or-occluded,uncertain,negative,positive,A,C,True,True,False
IMG_007704,u03-vehicle-cut-by-frame-edge,uncertain,negative,positive,A,C,True,True,False
IMG_007702,u03-vehicle-cut-by-frame-edge,uncertain,negative,positive,A,C,True,True,False
IMG_007706,u03-vehicle-cut-by-frame-edge,uncertain,negative,negative,A,A,True,False,False
IMG_007710,u04-night-or-blur-boundary-unreadable,uncertain,negative,positive,A,C,True,True,False
IMG_007707,u04-night-or-blur-boundary-unreadable,uncertain,negative,positive,A|A,C|C,True,True,False
IMG_007709,u04-night-or-blur-boundary-unreadable,uncertain,negative,positive,A,C,True,True,False
IMG_007714,u05-gate-queue-or-parking-ambiguous,uncertain,positive,positive,C,C,False,True,False
IMG_007713,u05-gate-queue-or-parking-ambiguous,uncertain,negative,positive,A,C,True,True,False
IMG_007712,u05-gate-queue-or-parking-ambiguous,uncertain,positive,positive,C,C,False,True,False
