media_id,selected_rank,frozen_bbox,matched_instance,match_status,source_path,source_sha256
IMG_007533,1,"[249.751,123.825,852.259,470.224]",0,MATCHED,/home/yanbo/net_vlm_xunjian_dataset/00_raw/ai_generated/images/20260902_ai_generated_parking_order_violation_pov_b1_397/IMG_007533.png,b3edf02484db2aa4b758c813ee19476939beb85f20b3fabec56e017e89d3de0c
IMG_007556,1,"[299.703,248.408,1034.093,702.677]",0,MATCHED,/home/yanbo/net_vlm_xunjian_dataset/00_raw/ai_generated/images/20260902_ai_generated_parking_order_violation_pov_b1_397/IMG_007556.png,2d2c27149d5340b1810e71d7ee266ee662e9162fd33fe39a3b00327c6216efce
IMG_007556,2,"[298.809,247.915,1031.182,702.985]",0,MATCHED,/home/yanbo/net_vlm_xunjian_dataset/00_raw/ai_generated/images/20260902_ai_generated_parking_order_violation_pov_b1_397/IMG_007556.png,2d2c27149d5340b1810e71d7ee266ee662e9162fd33fe39a3b00327c6216efce
IMG_007542,1,"[369.182,263.367,1128.34,668.339]",0,MATCHED,/home/yanbo/net_vlm_xunjian_dataset/00_raw/ai_generated/images/20260902_ai_generated_parking_order_violation_pov_b1_397/IMG_007542.png,627b93eb15fe18566af3499d9d1ff1b99458e8874451f36528b821f06c5388d6
IMG_007530,1,"[436.324,136.107,1098.456,497.295]",0,MATCHED,/home/yanbo/net_vlm_xunjian_dataset/00_raw/ai_generated/images/20260902_ai_generated_parking_order_violation_pov_b1_397/IMG_007530.png,b8507d3968990975963936bd9112c102ea91f8d6ee5f6860c382f3534920506f
IMG_007530,2,"[436.42,137.121,1097.066,495.519]",0,MATCHED,/home/yanbo/net_vlm_xunjian_dataset/00_raw/ai_generated/images/20260902_ai_generated_parking_order_violation_pov_b1_397/IMG_007530.png,b8507d3968990975963936bd9112c102ea91f8d6ee5f6860c382f3534920506f
IMG_007534,1,"[353.189,266.558,1050.277,618.707]",0,MATCHED,/home/yanbo/net_vlm_xunjian_dataset/00_raw/ai_generated/images/20260902_ai_generated_parking_order_violation_pov_b1_397/IMG_007534.png,47bbb813df0ec3ddce5ccabf718efd3f8ff1525ca077bf9e3b506dbd04783656
IMG_007612,1,"[651.083,232.256,1236.662,695.594]",0,MATCHED,/home/yanbo/net_vlm_xunjian_dataset/00_raw/ai_generated/images/20260902_ai_generated_parking_order_violation_pov_b1_397/IMG_007612.png,b53ab51e67c6e4ca7a8e02874469dc3c0b7563c0d08cf91ec0c0e9c0d18f0af1
IMG_007602,1,"[496.297,70.401,1396.738,605.756]",0,MATCHED,/home/yanbo/net_vlm_xunjian_dataset/00_raw/ai_generated/images/20260902_ai_generated_parking_order_violation_pov_b1_397/IMG_007602.png,98386e15dc5ef41f7e2573e8e5048834d0a4205aa29fc88875d3601fde598d34
IMG_007617,1,"[605.173,195.178,1237.908,651.629]",0,MATCHED,/home/yanbo/net_vlm_xunjian_dataset/00_raw/ai_generated/images/20260902_ai_generated_parking_order_violation_pov_b1_397/IMG_007617.png,bb9f96e8a24c76741e99cbcfb0bb0bbec45c15a731eb4003a50a8b49fc72be18
IMG_007608,1,"[497.487,68.458,1465.316,671.169]",0,MATCHED,/home/yanbo/net_vlm_xunjian_dataset/00_raw/ai_generated/images/20260902_ai_generated_parking_order_violation_pov_b1_397/IMG_007608.png,df6ffb2e8589f7942fa241c23f9e218430e62660aeac09d6575dbe50a0f14bfe
IMG_007598,1,"[493.96,198.591,1351.476,703.927]",0,MATCHED,/home/yanbo/net_vlm_xunjian_dataset/00_raw/ai_generated/images/20260902_ai_generated_parking_order_violation_pov_b1_397/IMG_007598.png,3187844b1789cf8fd2e859424b78e02d7d817e0a8d2ac2a9954625abfc217217
IMG_007634,1,"[413.528,223.02,1458.446,793.031]",0,MATCHED,/home/yanbo/net_vlm_xunjian_dataset/00_raw/ai_generated/images/20260902_ai_generated_parking_order_violation_pov_b1_397/IMG_007634.png,a78e65dd12331a2134dfdd5400b7e3b4ae70c229265bd8be27b66107f2629770
IMG_007634,2,"[414.645,223.422,1458.743,793.222]",0,MATCHED,/home/yanbo/net_vlm_xunjian_dataset/00_raw/ai_generated/images/20260902_ai_generated_parking_order_violation_pov_b1_397/IMG_007634.png,a78e65dd12331a2134dfdd5400b7e3b4ae70c229265bd8be27b66107f2629770
IMG_007559,1,"[596.395,39.437,1402.525,676.523]",0,MATCHED,/home/yanbo/net_vlm_xunjian_dataset/00_raw/ai_generated/images/20260902_ai_generated_parking_order_violation_pov_b1_397/IMG_007559.png,f2f4a8a8e9595db41a6d5815025c881c8b22b1e0d0e04ac8822528f6c4a76b7c
IMG_007650,1,"[626.288,148.24,1120.072,548.963]",0,MATCHED,/home/yanbo/net_vlm_xunjian_dataset/00_raw/ai_generated/images/20260902_ai_generated_parking_order_violation_pov_b1_397/IMG_007650.png,707813ea7a7b2f00c73a07b4bda1a6467a0e6390bba6dfa883b1831d9dbd2739
IMG_007650,2,"[139.883,203.056,593.407,477.501]",1,MATCHED,/home/yanbo/net_vlm_xunjian_dataset/00_raw/ai_generated/images/20260902_ai_generated_parking_order_violation_pov_b1_397/IMG_007650.png,707813ea7a7b2f00c73a07b4bda1a6467a0e6390bba6dfa883b1831d9dbd2739
IMG_007587,1,"[305.6,132.344,1397.741,867.779]",0,MATCHED,/home/yanbo/net_vlm_xunjian_dataset/00_raw/ai_generated/images/20260902_ai_generated_parking_order_violation_pov_b1_397/IMG_007587.png,a5eabf71d9edeb0740a2ed71d633037bd5cf4d9ee9c1375fdf9c7f513837f74d
IMG_007587,2,"[156.151,100.761,617.095,405.279]",5,MATCHED,/home/yanbo/net_vlm_xunjian_dataset/00_raw/ai_generated/images/20260902_ai_generated_parking_order_violation_pov_b1_397/IMG_007587.png,a5eabf71d9edeb0740a2ed71d633037bd5cf4d9ee9c1375fdf9c7f513837f74d
IMG_007658,1,"[626.814,185.79,1521.007,696.936]",0,MATCHED,/home/yanbo/net_vlm_xunjian_dataset/00_raw/ai_generated/images/20260902_ai_generated_parking_order_violation_pov_b1_397/IMG_007658.png,b342ab3fa54b278ed3df9f1422768a78ef039394c61b9e83f29c4ed8df3c5e92
IMG_007450,1,"[551.435,169.836,1445.386,743.58]",0,MATCHED,/home/yanbo/net_vlm_xunjian_dataset/00_raw/ai_generated/images/20260902_ai_generated_parking_order_violation_pov_b1_397/IMG_007450.png,dfcabcaf60309258982b2f14a2079537b4c0d67d831f2d2bd838649f9c4cbfca
IMG_007445,1,"[587.94,146.82,1193.024,681.555]",0,MATCHED,/home/yanbo/net_vlm_xunjian_dataset/00_raw/ai_generated/images/20260902_ai_generated_parking_order_violation_pov_b1_397/IMG_007445.png,e2488304c57c05fbeb2bec2ee0ba020cc4af5b8c577da633a862d5593d40a598
IMG_007445,2,"[587.536,148.156,1192.087,681.67]",0,MATCHED,/home/yanbo/net_vlm_xunjian_dataset/00_raw/ai_generated/images/20260902_ai_generated_parking_order_violation_pov_b1_397/IMG_007445.png,e2488304c57c05fbeb2bec2ee0ba020cc4af5b8c577da633a862d5593d40a598
IMG_007425,1,"[592.925,318.074,1511.929,773.599]",0,MATCHED,/home/yanbo/net_vlm_xunjian_dataset/00_raw/ai_generated/images/20260902_ai_generated_parking_order_violation_pov_b1_397/IMG_007425.png,76812f06edf5e1ac60c11bbec63e9ecc66186ce805ccb42639352654016799a2
IMG_007404,1,"[581.999,250.291,1409.614,771.255]",0,MATCHED,/home/yanbo/net_vlm_xunjian_dataset/00_raw/ai_generated/images/20260902_ai_generated_parking_order_violation_pov_b1_397/IMG_007404.png,fd620718986af31c5d6919dcdac1b8afacf698dc1b3e72a1bf1755d7e1186959
IMG_007404,2,"[584.057,252.461,1409.364,767.337]",0,MATCHED,/home/yanbo/net_vlm_xunjian_dataset/00_raw/ai_generated/images/20260902_ai_generated_parking_order_violation_pov_b1_397/IMG_007404.png,fd620718986af31c5d6919dcdac1b8afacf698dc1b3e72a1bf1755d7e1186959
IMG_007413,1,"[546.967,220.067,1452.919,727.948]",0,MATCHED,/home/yanbo/net_vlm_xunjian_dataset/00_raw/ai_generated/images/20260902_ai_generated_parking_order_violation_pov_b1_397/IMG_007413.png,964cb2b1c0aa78e862c2463199ceb11e2c5d71d150972a4c8ad8fbcaa21c3c93
IMG_007413,2,"[1289.854,187.029,1918.805,628.795]",1,MATCHED,/home/yanbo/net_vlm_xunjian_dataset/00_raw/ai_generated/images/20260902_ai_generated_parking_order_violation_pov_b1_397/IMG_007413.png,964cb2b1c0aa78e862c2463199ceb11e2c5d71d150972a4c8ad8fbcaa21c3c93
IMG_007361,1,"[423.346,95.629,1416.277,704.553]",0,MATCHED,/home/yanbo/net_vlm_xunjian_dataset/00_raw/ai_generated/images/20260902_ai_generated_parking_order_violation_pov_b1_397/IMG_007361.png,dac89cc4e5fe23b0cfce2ba0ea50484551bf9d03fae59a3d57e70a2f140b36c5
IMG_007361,2,"[423.346,96.641,1417.215,704.515]",0,MATCHED,/home/yanbo/net_vlm_xunjian_dataset/00_raw/ai_generated/images/20260902_ai_generated_parking_order_violation_pov_b1_397/IMG_007361.png,dac89cc4e5fe23b0cfce2ba0ea50484551bf9d03fae59a3d57e70a2f140b36c5
IMG_007392,1,"[504.002,181.538,1352.745,645.653]",0,MATCHED,/home/yanbo/net_vlm_xunjian_dataset/00_raw/ai_generated/images/20260902_ai_generated_parking_order_violation_pov_b1_397/IMG_007392.png,09f6d8c971bcafdb24b6dd32111a4ef16ea4a68175d113c31dc3d2a71382cf56
IMG_007359,1,"[433.557,19.645,1363.768,693.214]",0,MATCHED,/home/yanbo/net_vlm_xunjian_dataset/00_raw/ai_generated/images/20260902_ai_generated_parking_order_violation_pov_b1_397/IMG_007359.png,0f858350645bfb2da417651c472e17674c7e73c3c3fc5e7beb11ad38569e2cb7
IMG_007359,2,"[431.227,24.115,1363.002,691.374]",0,MATCHED,/home/yanbo/net_vlm_xunjian_dataset/00_raw/ai_generated/images/20260902_ai_generated_parking_order_violation_pov_b1_397/IMG_007359.png,0f858350645bfb2da417651c472e17674c7e73c3c3fc5e7beb11ad38569e2cb7
IMG_007350,1,"[598.911,189.18,1296.541,737.65]",0,MATCHED,/home/yanbo/net_vlm_xunjian_dataset/00_raw/ai_generated/images/20260902_ai_generated_parking_order_violation_pov_b1_397/IMG_007350.png,0672e381842b11cab5742c519c87268fe09f29ffd958853831362eeb430087f3
IMG_007396,1,"[594.421,203.39,1287.154,755.627]",0,MATCHED,/home/yanbo/net_vlm_xunjian_dataset/00_raw/ai_generated/images/20260902_ai_generated_parking_order_violation_pov_b1_397/IMG_007396.png,644abcee17bedddc5b57b7e2f6241d7bdcafd6870043073405879da1936fa2c4
IMG_007396,2,"[1.13,243.562,421.286,776.499]",1,MATCHED,/home/yanbo/net_vlm_xunjian_dataset/00_raw/ai_generated/images/20260902_ai_generated_parking_order_violation_pov_b1_397/IMG_007396.png,644abcee17bedddc5b57b7e2f6241d7bdcafd6870043073405879da1936fa2c4
IMG_007654,1,"[402.04,161.323,1212.914,740.715]",0,MATCHED,/home/yanbo/net_vlm_xunjian_dataset/00_raw/ai_generated/images/20260902_ai_generated_parking_order_violation_pov_b1_397/IMG_007654.png,cb02df1970bfbfef7fc91fa5f26b649261b1a0abc993a9e7d138eeae709aed0b
IMG_007654,2,"[402.847,159.557,1211.793,738.711]",0,MATCHED,/home/yanbo/net_vlm_xunjian_dataset/00_raw/ai_generated/images/20260902_ai_generated_parking_order_violation_pov_b1_397/IMG_007654.png,cb02df1970bfbfef7fc91fa5f26b649261b1a0abc993a9e7d138eeae709aed0b
IMG_007637,1,"[533.467,184.688,1411.861,729.577]",0,MATCHED,/home/yanbo/net_vlm_xunjian_dataset/00_raw/ai_generated/images/20260902_ai_generated_parking_order_violation_pov_b1_397/IMG_007637.png,aaed8f87b10e95beae05ff6f909e4359fab1b60944b7725298af180943975ae2
IMG_007562,1,"[609.445,247.62,1257.898,756.398]",0,MATCHED,/home/yanbo/net_vlm_xunjian_dataset/00_raw/ai_generated/images/20260902_ai_generated_parking_order_violation_pov_b1_397/IMG_007562.png,e98d3f068c7e7ff0d6a731ab924fff48d66316d0dcaf320ea721c3ee9aefb426
IMG_007626,1,"[488.829,137.982,1299.594,750.641]",0,MATCHED,/home/yanbo/net_vlm_xunjian_dataset/00_raw/ai_generated/images/20260902_ai_generated_parking_order_violation_pov_b1_397/IMG_007626.png,aa93382d3872cf38843388e36afd0119a8d72e98e4244118048a828abba47f0a
IMG_007593,1,"[378.612,50.12,1422.04,658.557]",0,MATCHED,/home/yanbo/net_vlm_xunjian_dataset/00_raw/ai_generated/images/20260902_ai_generated_parking_order_violation_pov_b1_397/IMG_007593.png,cd5e8f47b91c0c7e5051d1f9bb5e6a95ec02a197a66bfb234ef886b385d6ce63
