media_id,split,group_id,notes
IMG_007520,train,POV_PARKING_B1_P01_OUTSIDE_LEGAL_BAY_CLEAR,"parking_order_violation v1.1 group-level frozen split; train=DEV, validation=VAL, holdout=HOLDOUT; GT_BASIS=generation_intent"
IMG_007521,train,POV_PARKING_B1_P01_OUTSIDE_LEGAL_BAY_CLEAR,"parking_order_violation v1.1 group-level frozen split; train=DEV, validation=VAL, holdout=HOLDOUT; GT_BASIS=generation_intent"
IMG_007522,train,POV_PARKING_B1_P01_OUTSIDE_LEGAL_BAY_CLEAR,"parking_order_violation v1.1 group-level frozen split; train=DEV, validation=VAL, holdout=HOLDOUT; GT_BASIS=generation_intent"
IMG_007523,train,POV_PARKING_B1_P01_OUTSIDE_LEGAL_BAY_CLEAR,"parking_order_violation v1.1 group-level frozen split; train=DEV, validation=VAL, holdout=HOLDOUT; GT_BASIS=generation_intent"
IMG_007524,train,POV_PARKING_B1_P01_OUTSIDE_LEGAL_BAY_CLEAR,"parking_order_violation v1.1 group-level frozen split; train=DEV, validation=VAL, holdout=HOLDOUT; GT_BASIS=generation_intent"
IMG_007525,train,POV_PARKING_B1_P01_OUTSIDE_LEGAL_BAY_CLEAR,"parking_order_violation v1.1 group-level frozen split; train=DEV, validation=VAL, holdout=HOLDOUT; GT_BASIS=generation_intent"
IMG_007526,train,POV_PARKING_B1_P01_OUTSIDE_LEGAL_BAY_CLEAR,"parking_order_violation v1.1 group-level frozen split; train=DEV, validation=VAL, holdout=HOLDOUT; GT_BASIS=generation_intent"
IMG_007527,train,POV_PARKING_B1_P01_OUTSIDE_LEGAL_BAY_CLEAR,"parking_order_violation v1.1 group-level frozen split; train=DEV, validation=VAL, holdout=HOLDOUT; GT_BASIS=generation_intent"
IMG_007528,train,POV_PARKING_B1_P01_OUTSIDE_LEGAL_BAY_CLEAR,"parking_order_violation v1.1 group-level frozen split; train=DEV, validation=VAL, holdout=HOLDOUT; GT_BASIS=generation_intent"
IMG_007529,train,POV_PARKING_B1_P01_OUTSIDE_LEGAL_BAY_CLEAR,"parking_order_violation v1.1 group-level frozen split; train=DEV, validation=VAL, holdout=HOLDOUT; GT_BASIS=generation_intent"
IMG_007530,train,POV_PARKING_B1_P01_OUTSIDE_LEGAL_BAY_CLEAR,"parking_order_violation v1.1 group-level frozen split; train=DEV, validation=VAL, holdout=HOLDOUT; GT_BASIS=generation_intent"
IMG_007531,train,POV_PARKING_B1_P01_OUTSIDE_LEGAL_BAY_CLEAR,"parking_order_violation v1.1 group-level frozen split; train=DEV, validation=VAL, holdout=HOLDOUT; GT_BASIS=generation_intent"
IMG_007532,train,POV_PARKING_B1_P01_OUTSIDE_LEGAL_BAY_CLEAR,"parking_order_violation v1.1 group-level frozen split; train=DEV, validation=VAL, holdout=HOLDOUT; GT_BASIS=generation_intent"
IMG_007533,train,POV_PARKING_B1_P01_OUTSIDE_LEGAL_BAY_CLEAR,"parking_order_violation v1.1 group-level frozen split; train=DEV, validation=VAL, holdout=HOLDOUT; GT_BASIS=generation_intent"
IMG_007534,train,POV_PARKING_B1_P01_OUTSIDE_LEGAL_BAY_CLEAR,"parking_order_violation v1.1 group-level frozen split; train=DEV, validation=VAL, holdout=HOLDOUT; GT_BASIS=generation_intent"
IMG_007535,train,POV_PARKING_B1_P01_OUTSIDE_LEGAL_BAY_CLEAR,"parking_order_violation v1.1 group-level frozen split; train=DEV, validation=VAL, holdout=HOLDOUT; GT_BASIS=generation_intent"
IMG_007536,train,POV_PARKING_B1_P01_OUTSIDE_LEGAL_BAY_CLEAR,"parking_order_violation v1.1 group-level frozen split; train=DEV, validation=VAL, holdout=HOLDOUT; GT_BASIS=generation_intent"
IMG_007537,train,POV_PARKING_B1_P01_OUTSIDE_LEGAL_BAY_CLEAR,"parking_order_violation v1.1 group-level frozen split; train=DEV, validation=VAL, holdout=HOLDOUT; GT_BASIS=generation_intent"
IMG_007538,train,POV_PARKING_B1_P01_OUTSIDE_LEGAL_BAY_CLEAR,"parking_order_violation v1.1 group-level frozen split; train=DEV, validation=VAL, holdout=HOLDOUT; GT_BASIS=generation_intent"
IMG_007539,train,POV_PARKING_B1_P01_OUTSIDE_LEGAL_BAY_CLEAR,"parking_order_violation v1.1 group-level frozen split; train=DEV, validation=VAL, holdout=HOLDOUT; GT_BASIS=generation_intent"
IMG_007540,train,POV_PARKING_B1_P01_OUTSIDE_LEGAL_BAY_CLEAR,"parking_order_violation v1.1 group-level frozen split; train=DEV, validation=VAL, holdout=HOLDOUT; GT_BASIS=generation_intent"
IMG_007541,train,POV_PARKING_B1_P01_OUTSIDE_LEGAL_BAY_CLEAR,"parking_order_violation v1.1 group-level frozen split; train=DEV, validation=VAL, holdout=HOLDOUT; GT_BASIS=generation_intent"
IMG_007542,train,POV_PARKING_B1_P01_OUTSIDE_LEGAL_BAY_CLEAR,"parking_order_violation v1.1 group-level frozen split; train=DEV, validation=VAL, holdout=HOLDOUT; GT_BASIS=generation_intent"
IMG_007543,train,POV_PARKING_B1_P01_OUTSIDE_LEGAL_BAY_CLEAR,"parking_order_violation v1.1 group-level frozen split; train=DEV, validation=VAL, holdout=HOLDOUT; GT_BASIS=generation_intent"
IMG_007544,train,POV_PARKING_B1_P01_OUTSIDE_LEGAL_BAY_CLEAR,"parking_order_violation v1.1 group-level frozen split; train=DEV, validation=VAL, holdout=HOLDOUT; GT_BASIS=generation_intent"
IMG_007545,train,POV_PARKING_B1_P01_OUTSIDE_LEGAL_BAY_CLEAR,"parking_order_violation v1.1 group-level frozen split; train=DEV, validation=VAL, holdout=HOLDOUT; GT_BASIS=generation_intent"
IMG_007546,train,POV_PARKING_B1_P01_OUTSIDE_LEGAL_BAY_CLEAR,"parking_order_violation v1.1 group-level frozen split; train=DEV, validation=VAL, holdout=HOLDOUT; GT_BASIS=generation_intent"
IMG_007547,train,POV_PARKING_B1_P01_OUTSIDE_LEGAL_BAY_CLEAR,"parking_order_violation v1.1 group-level frozen split; train=DEV, validation=VAL, holdout=HOLDOUT; GT_BASIS=generation_intent"
IMG_007548,train,POV_PARKING_B1_P01_OUTSIDE_LEGAL_BAY_CLEAR,"parking_order_violation v1.1 group-level frozen split; train=DEV, validation=VAL, holdout=HOLDOUT; GT_BASIS=generation_intent"
IMG_007549,train,POV_PARKING_B1_P01_OUTSIDE_LEGAL_BAY_CLEAR,"parking_order_violation v1.1 group-level frozen split; train=DEV, validation=VAL, holdout=HOLDOUT; GT_BASIS=generation_intent"
IMG_007550,train,POV_PARKING_B1_P01_OUTSIDE_LEGAL_BAY_CLEAR,"parking_order_violation v1.1 group-level frozen split; train=DEV, validation=VAL, holdout=HOLDOUT; GT_BASIS=generation_intent"
IMG_007551,train,POV_PARKING_B1_P01_OUTSIDE_LEGAL_BAY_CLEAR,"parking_order_violation v1.1 group-level frozen split; train=DEV, validation=VAL, holdout=HOLDOUT; GT_BASIS=generation_intent"
IMG_007552,train,POV_PARKING_B1_P01_OUTSIDE_LEGAL_BAY_CLEAR,"parking_order_violation v1.1 group-level frozen split; train=DEV, validation=VAL, holdout=HOLDOUT; GT_BASIS=generation_intent"
IMG_007553,train,POV_PARKING_B1_P01_OUTSIDE_LEGAL_BAY_CLEAR,"parking_order_violation v1.1 group-level frozen split; train=DEV, validation=VAL, holdout=HOLDOUT; GT_BASIS=generation_intent"
IMG_007554,train,POV_PARKING_B1_P01_OUTSIDE_LEGAL_BAY_CLEAR,"parking_order_violation v1.1 group-level frozen split; train=DEV, validation=VAL, holdout=HOLDOUT; GT_BASIS=generation_intent"
IMG_007555,train,POV_PARKING_B1_P01_OUTSIDE_LEGAL_BAY_CLEAR,"parking_order_violation v1.1 group-level frozen split; train=DEV, validation=VAL, holdout=HOLDOUT; GT_BASIS=generation_intent"
IMG_007556,train,POV_PARKING_B1_P01_OUTSIDE_LEGAL_BAY_CLEAR,"parking_order_violation v1.1 group-level frozen split; train=DEV, validation=VAL, holdout=HOLDOUT; GT_BASIS=generation_intent"
IMG_007557,train,POV_PARKING_B1_P01_OUTSIDE_LEGAL_BAY_CLEAR,"parking_order_violation v1.1 group-level frozen split; train=DEV, validation=VAL, holdout=HOLDOUT; GT_BASIS=generation_intent"
IMG_007558,train,POV_PARKING_B1_P01_OUTSIDE_LEGAL_BAY_CLEAR,"parking_order_violation v1.1 group-level frozen split; train=DEV, validation=VAL, holdout=HOLDOUT; GT_BASIS=generation_intent"
IMG_007559,train,POV_PARKING_B1_P02_CROSS_SINGLE_BOUNDARY_LINE,"parking_order_violation v1.1 group-level frozen split; train=DEV, validation=VAL, holdout=HOLDOUT; GT_BASIS=generation_intent"
IMG_007560,train,POV_PARKING_B1_P02_CROSS_SINGLE_BOUNDARY_LINE,"parking_order_violation v1.1 group-level frozen split; train=DEV, validation=VAL, holdout=HOLDOUT; GT_BASIS=generation_intent"
IMG_007561,train,POV_PARKING_B1_P02_CROSS_SINGLE_BOUNDARY_LINE,"parking_order_violation v1.1 group-level frozen split; train=DEV, validation=VAL, holdout=HOLDOUT; GT_BASIS=generation_intent"
IMG_007562,train,POV_PARKING_B1_P02_CROSS_SINGLE_BOUNDARY_LINE,"parking_order_violation v1.1 group-level frozen split; train=DEV, validation=VAL, holdout=HOLDOUT; GT_BASIS=generation_intent"
IMG_007563,train,POV_PARKING_B1_P02_CROSS_SINGLE_BOUNDARY_LINE,"parking_order_violation v1.1 group-level frozen split; train=DEV, validation=VAL, holdout=HOLDOUT; GT_BASIS=generation_intent"
IMG_007564,train,POV_PARKING_B1_P02_CROSS_SINGLE_BOUNDARY_LINE,"parking_order_violation v1.1 group-level frozen split; train=DEV, validation=VAL, holdout=HOLDOUT; GT_BASIS=generation_intent"
IMG_007565,train,POV_PARKING_B1_P02_CROSS_SINGLE_BOUNDARY_LINE,"parking_order_violation v1.1 group-level frozen split; train=DEV, validation=VAL, holdout=HOLDOUT; GT_BASIS=generation_intent"
IMG_007566,train,POV_PARKING_B1_P02_CROSS_SINGLE_BOUNDARY_LINE,"parking_order_violation v1.1 group-level frozen split; train=DEV, validation=VAL, holdout=HOLDOUT; GT_BASIS=generation_intent"
IMG_007567,train,POV_PARKING_B1_P02_CROSS_SINGLE_BOUNDARY_LINE,"parking_order_violation v1.1 group-level frozen split; train=DEV, validation=VAL, holdout=HOLDOUT; GT_BASIS=generation_intent"
IMG_007568,train,POV_PARKING_B1_P02_CROSS_SINGLE_BOUNDARY_LINE,"parking_order_violation v1.1 group-level frozen split; train=DEV, validation=VAL, holdout=HOLDOUT; GT_BASIS=generation_intent"
IMG_007569,train,POV_PARKING_B1_P02_CROSS_SINGLE_BOUNDARY_LINE,"parking_order_violation v1.1 group-level frozen split; train=DEV, validation=VAL, holdout=HOLDOUT; GT_BASIS=generation_intent"
IMG_007570,train,POV_PARKING_B1_P02_CROSS_SINGLE_BOUNDARY_LINE,"parking_order_violation v1.1 group-level frozen split; train=DEV, validation=VAL, holdout=HOLDOUT; GT_BASIS=generation_intent"
IMG_007571,train,POV_PARKING_B1_P02_CROSS_SINGLE_BOUNDARY_LINE,"parking_order_violation v1.1 group-level frozen split; train=DEV, validation=VAL, holdout=HOLDOUT; GT_BASIS=generation_intent"
IMG_007572,train,POV_PARKING_B1_P02_CROSS_SINGLE_BOUNDARY_LINE,"parking_order_violation v1.1 group-level frozen split; train=DEV, validation=VAL, holdout=HOLDOUT; GT_BASIS=generation_intent"
IMG_007573,train,POV_PARKING_B1_P02_CROSS_SINGLE_BOUNDARY_LINE,"parking_order_violation v1.1 group-level frozen split; train=DEV, validation=VAL, holdout=HOLDOUT; GT_BASIS=generation_intent"
IMG_007574,train,POV_PARKING_B1_P02_CROSS_SINGLE_BOUNDARY_LINE,"parking_order_violation v1.1 group-level frozen split; train=DEV, validation=VAL, holdout=HOLDOUT; GT_BASIS=generation_intent"
IMG_007575,train,POV_PARKING_B1_P02_CROSS_SINGLE_BOUNDARY_LINE,"parking_order_violation v1.1 group-level frozen split; train=DEV, validation=VAL, holdout=HOLDOUT; GT_BASIS=generation_intent"
IMG_007576,train,POV_PARKING_B1_P02_CROSS_SINGLE_BOUNDARY_LINE,"parking_order_violation v1.1 group-level frozen split; train=DEV, validation=VAL, holdout=HOLDOUT; GT_BASIS=generation_intent"
IMG_007577,train,POV_PARKING_B1_P02_CROSS_SINGLE_BOUNDARY_LINE,"parking_order_violation v1.1 group-level frozen split; train=DEV, validation=VAL, holdout=HOLDOUT; GT_BASIS=generation_intent"
IMG_007578,train,POV_PARKING_B1_P02_CROSS_SINGLE_BOUNDARY_LINE,"parking_order_violation v1.1 group-level frozen split; train=DEV, validation=VAL, holdout=HOLDOUT; GT_BASIS=generation_intent"
IMG_007579,train,POV_PARKING_B1_P02_CROSS_SINGLE_BOUNDARY_LINE,"parking_order_violation v1.1 group-level frozen split; train=DEV, validation=VAL, holdout=HOLDOUT; GT_BASIS=generation_intent"
IMG_007580,train,POV_PARKING_B1_P02_CROSS_SINGLE_BOUNDARY_LINE,"parking_order_violation v1.1 group-level frozen split; train=DEV, validation=VAL, holdout=HOLDOUT; GT_BASIS=generation_intent"
IMG_007581,train,POV_PARKING_B1_P02_CROSS_SINGLE_BOUNDARY_LINE,"parking_order_violation v1.1 group-level frozen split; train=DEV, validation=VAL, holdout=HOLDOUT; GT_BASIS=generation_intent"
IMG_007582,train,POV_PARKING_B1_P02_CROSS_SINGLE_BOUNDARY_LINE,"parking_order_violation v1.1 group-level frozen split; train=DEV, validation=VAL, holdout=HOLDOUT; GT_BASIS=generation_intent"
IMG_007583,train,POV_PARKING_B1_P02_CROSS_SINGLE_BOUNDARY_LINE,"parking_order_violation v1.1 group-level frozen split; train=DEV, validation=VAL, holdout=HOLDOUT; GT_BASIS=generation_intent"
IMG_007584,train,POV_PARKING_B1_P02_CROSS_SINGLE_BOUNDARY_LINE,"parking_order_violation v1.1 group-level frozen split; train=DEV, validation=VAL, holdout=HOLDOUT; GT_BASIS=generation_intent"
IMG_007585,train,POV_PARKING_B1_P02_CROSS_SINGLE_BOUNDARY_LINE,"parking_order_violation v1.1 group-level frozen split; train=DEV, validation=VAL, holdout=HOLDOUT; GT_BASIS=generation_intent"
IMG_007586,train,POV_PARKING_B1_P02_CROSS_SINGLE_BOUNDARY_LINE,"parking_order_violation v1.1 group-level frozen split; train=DEV, validation=VAL, holdout=HOLDOUT; GT_BASIS=generation_intent"
IMG_007587,train,POV_PARKING_B1_P02_CROSS_SINGLE_BOUNDARY_LINE,"parking_order_violation v1.1 group-level frozen split; train=DEV, validation=VAL, holdout=HOLDOUT; GT_BASIS=generation_intent"
IMG_007588,train,POV_PARKING_B1_P02_CROSS_SINGLE_BOUNDARY_LINE,"parking_order_violation v1.1 group-level frozen split; train=DEV, validation=VAL, holdout=HOLDOUT; GT_BASIS=generation_intent"
IMG_007589,train,POV_PARKING_B1_P02_CROSS_SINGLE_BOUNDARY_LINE,"parking_order_violation v1.1 group-level frozen split; train=DEV, validation=VAL, holdout=HOLDOUT; GT_BASIS=generation_intent"
IMG_007590,train,POV_PARKING_B1_P02_CROSS_SINGLE_BOUNDARY_LINE,"parking_order_violation v1.1 group-level frozen split; train=DEV, validation=VAL, holdout=HOLDOUT; GT_BASIS=generation_intent"
IMG_007591,train,POV_PARKING_B1_P02_CROSS_SINGLE_BOUNDARY_LINE,"parking_order_violation v1.1 group-level frozen split; train=DEV, validation=VAL, holdout=HOLDOUT; GT_BASIS=generation_intent"
IMG_007592,train,POV_PARKING_B1_P02_CROSS_SINGLE_BOUNDARY_LINE,"parking_order_violation v1.1 group-level frozen split; train=DEV, validation=VAL, holdout=HOLDOUT; GT_BASIS=generation_intent"
IMG_007593,train,POV_PARKING_B1_P02_CROSS_SINGLE_BOUNDARY_LINE,"parking_order_violation v1.1 group-level frozen split; train=DEV, validation=VAL, holdout=HOLDOUT; GT_BASIS=generation_intent"
IMG_007594,validation,POV_PARKING_B1_P03_SPAN_TWO_BAYS,"parking_order_violation v1.1 group-level frozen split; train=DEV, validation=VAL, holdout=HOLDOUT; GT_BASIS=generation_intent"
IMG_007595,validation,POV_PARKING_B1_P03_SPAN_TWO_BAYS,"parking_order_violation v1.1 group-level frozen split; train=DEV, validation=VAL, holdout=HOLDOUT; GT_BASIS=generation_intent"
IMG_007596,validation,POV_PARKING_B1_P03_SPAN_TWO_BAYS,"parking_order_violation v1.1 group-level frozen split; train=DEV, validation=VAL, holdout=HOLDOUT; GT_BASIS=generation_intent"
IMG_007597,validation,POV_PARKING_B1_P03_SPAN_TWO_BAYS,"parking_order_violation v1.1 group-level frozen split; train=DEV, validation=VAL, holdout=HOLDOUT; GT_BASIS=generation_intent"
IMG_007598,validation,POV_PARKING_B1_P03_SPAN_TWO_BAYS,"parking_order_violation v1.1 group-level frozen split; train=DEV, validation=VAL, holdout=HOLDOUT; GT_BASIS=generation_intent"
IMG_007599,validation,POV_PARKING_B1_P03_SPAN_TWO_BAYS,"parking_order_violation v1.1 group-level frozen split; train=DEV, validation=VAL, holdout=HOLDOUT; GT_BASIS=generation_intent"
IMG_007600,validation,POV_PARKING_B1_P03_SPAN_TWO_BAYS,"parking_order_violation v1.1 group-level frozen split; train=DEV, validation=VAL, holdout=HOLDOUT; GT_BASIS=generation_intent"
IMG_007601,validation,POV_PARKING_B1_P03_SPAN_TWO_BAYS,"parking_order_violation v1.1 group-level frozen split; train=DEV, validation=VAL, holdout=HOLDOUT; GT_BASIS=generation_intent"
IMG_007602,validation,POV_PARKING_B1_P03_SPAN_TWO_BAYS,"parking_order_violation v1.1 group-level frozen split; train=DEV, validation=VAL, holdout=HOLDOUT; GT_BASIS=generation_intent"
IMG_007603,validation,POV_PARKING_B1_P03_SPAN_TWO_BAYS,"parking_order_violation v1.1 group-level frozen split; train=DEV, validation=VAL, holdout=HOLDOUT; GT_BASIS=generation_intent"
IMG_007604,validation,POV_PARKING_B1_P03_SPAN_TWO_BAYS,"parking_order_violation v1.1 group-level frozen split; train=DEV, validation=VAL, holdout=HOLDOUT; GT_BASIS=generation_intent"
IMG_007605,validation,POV_PARKING_B1_P03_SPAN_TWO_BAYS,"parking_order_violation v1.1 group-level frozen split; train=DEV, validation=VAL, holdout=HOLDOUT; GT_BASIS=generation_intent"
IMG_007606,validation,POV_PARKING_B1_P03_SPAN_TWO_BAYS,"parking_order_violation v1.1 group-level frozen split; train=DEV, validation=VAL, holdout=HOLDOUT; GT_BASIS=generation_intent"
IMG_007607,validation,POV_PARKING_B1_P03_SPAN_TWO_BAYS,"parking_order_violation v1.1 group-level frozen split; train=DEV, validation=VAL, holdout=HOLDOUT; GT_BASIS=generation_intent"
IMG_007608,validation,POV_PARKING_B1_P03_SPAN_TWO_BAYS,"parking_order_violation v1.1 group-level frozen split; train=DEV, validation=VAL, holdout=HOLDOUT; GT_BASIS=generation_intent"
IMG_007609,validation,POV_PARKING_B1_P03_SPAN_TWO_BAYS,"parking_order_violation v1.1 group-level frozen split; train=DEV, validation=VAL, holdout=HOLDOUT; GT_BASIS=generation_intent"
IMG_007610,validation,POV_PARKING_B1_P03_SPAN_TWO_BAYS,"parking_order_violation v1.1 group-level frozen split; train=DEV, validation=VAL, holdout=HOLDOUT; GT_BASIS=generation_intent"
IMG_007611,validation,POV_PARKING_B1_P03_SPAN_TWO_BAYS,"parking_order_violation v1.1 group-level frozen split; train=DEV, validation=VAL, holdout=HOLDOUT; GT_BASIS=generation_intent"
IMG_007612,validation,POV_PARKING_B1_P03_SPAN_TWO_BAYS,"parking_order_violation v1.1 group-level frozen split; train=DEV, validation=VAL, holdout=HOLDOUT; GT_BASIS=generation_intent"
IMG_007613,validation,POV_PARKING_B1_P03_SPAN_TWO_BAYS,"parking_order_violation v1.1 group-level frozen split; train=DEV, validation=VAL, holdout=HOLDOUT; GT_BASIS=generation_intent"
IMG_007614,validation,POV_PARKING_B1_P03_SPAN_TWO_BAYS,"parking_order_violation v1.1 group-level frozen split; train=DEV, validation=VAL, holdout=HOLDOUT; GT_BASIS=generation_intent"
IMG_007615,validation,POV_PARKING_B1_P03_SPAN_TWO_BAYS,"parking_order_violation v1.1 group-level frozen split; train=DEV, validation=VAL, holdout=HOLDOUT; GT_BASIS=generation_intent"
IMG_007616,validation,POV_PARKING_B1_P03_SPAN_TWO_BAYS,"parking_order_violation v1.1 group-level frozen split; train=DEV, validation=VAL, holdout=HOLDOUT; GT_BASIS=generation_intent"
IMG_007617,validation,POV_PARKING_B1_P03_SPAN_TWO_BAYS,"parking_order_violation v1.1 group-level frozen split; train=DEV, validation=VAL, holdout=HOLDOUT; GT_BASIS=generation_intent"
IMG_007618,validation,POV_PARKING_B1_P03_SPAN_TWO_BAYS,"parking_order_violation v1.1 group-level frozen split; train=DEV, validation=VAL, holdout=HOLDOUT; GT_BASIS=generation_intent"
IMG_007619,validation,POV_PARKING_B1_P03_SPAN_TWO_BAYS,"parking_order_violation v1.1 group-level frozen split; train=DEV, validation=VAL, holdout=HOLDOUT; GT_BASIS=generation_intent"
IMG_007620,validation,POV_PARKING_B1_P03_SPAN_TWO_BAYS,"parking_order_violation v1.1 group-level frozen split; train=DEV, validation=VAL, holdout=HOLDOUT; GT_BASIS=generation_intent"
IMG_007621,validation,POV_PARKING_B1_P03_SPAN_TWO_BAYS,"parking_order_violation v1.1 group-level frozen split; train=DEV, validation=VAL, holdout=HOLDOUT; GT_BASIS=generation_intent"
IMG_007622,validation,POV_PARKING_B1_P03_SPAN_TWO_BAYS,"parking_order_violation v1.1 group-level frozen split; train=DEV, validation=VAL, holdout=HOLDOUT; GT_BASIS=generation_intent"
IMG_007623,validation,POV_PARKING_B1_P03_SPAN_TWO_BAYS,"parking_order_violation v1.1 group-level frozen split; train=DEV, validation=VAL, holdout=HOLDOUT; GT_BASIS=generation_intent"
IMG_007624,holdout,POV_PARKING_B1_P04_ANGLED_FOOTPRINT_OUTSIDE,"parking_order_violation v1.1 group-level frozen split; train=DEV, validation=VAL, holdout=HOLDOUT; GT_BASIS=generation_intent"
IMG_007625,holdout,POV_PARKING_B1_P04_ANGLED_FOOTPRINT_OUTSIDE,"parking_order_violation v1.1 group-level frozen split; train=DEV, validation=VAL, holdout=HOLDOUT; GT_BASIS=generation_intent"
IMG_007626,holdout,POV_PARKING_B1_P04_ANGLED_FOOTPRINT_OUTSIDE,"parking_order_violation v1.1 group-level frozen split; train=DEV, validation=VAL, holdout=HOLDOUT; GT_BASIS=generation_intent"
IMG_007627,holdout,POV_PARKING_B1_P04_ANGLED_FOOTPRINT_OUTSIDE,"parking_order_violation v1.1 group-level frozen split; train=DEV, validation=VAL, holdout=HOLDOUT; GT_BASIS=generation_intent"
IMG_007628,holdout,POV_PARKING_B1_P04_ANGLED_FOOTPRINT_OUTSIDE,"parking_order_violation v1.1 group-level frozen split; train=DEV, validation=VAL, holdout=HOLDOUT; GT_BASIS=generation_intent"
IMG_007629,holdout,POV_PARKING_B1_P04_ANGLED_FOOTPRINT_OUTSIDE,"parking_order_violation v1.1 group-level frozen split; train=DEV, validation=VAL, holdout=HOLDOUT; GT_BASIS=generation_intent"
IMG_007630,holdout,POV_PARKING_B1_P04_ANGLED_FOOTPRINT_OUTSIDE,"parking_order_violation v1.1 group-level frozen split; train=DEV, validation=VAL, holdout=HOLDOUT; GT_BASIS=generation_intent"
IMG_007631,holdout,POV_PARKING_B1_P04_ANGLED_FOOTPRINT_OUTSIDE,"parking_order_violation v1.1 group-level frozen split; train=DEV, validation=VAL, holdout=HOLDOUT; GT_BASIS=generation_intent"
IMG_007632,holdout,POV_PARKING_B1_P04_ANGLED_FOOTPRINT_OUTSIDE,"parking_order_violation v1.1 group-level frozen split; train=DEV, validation=VAL, holdout=HOLDOUT; GT_BASIS=generation_intent"
IMG_007633,holdout,POV_PARKING_B1_P04_ANGLED_FOOTPRINT_OUTSIDE,"parking_order_violation v1.1 group-level frozen split; train=DEV, validation=VAL, holdout=HOLDOUT; GT_BASIS=generation_intent"
IMG_007634,holdout,POV_PARKING_B1_P04_ANGLED_FOOTPRINT_OUTSIDE,"parking_order_violation v1.1 group-level frozen split; train=DEV, validation=VAL, holdout=HOLDOUT; GT_BASIS=generation_intent"
IMG_007635,holdout,POV_PARKING_B1_P04_ANGLED_FOOTPRINT_OUTSIDE,"parking_order_violation v1.1 group-level frozen split; train=DEV, validation=VAL, holdout=HOLDOUT; GT_BASIS=generation_intent"
IMG_007636,holdout,POV_PARKING_B1_P04_ANGLED_FOOTPRINT_OUTSIDE,"parking_order_violation v1.1 group-level frozen split; train=DEV, validation=VAL, holdout=HOLDOUT; GT_BASIS=generation_intent"
IMG_007637,holdout,POV_PARKING_B1_P04_ANGLED_FOOTPRINT_OUTSIDE,"parking_order_violation v1.1 group-level frozen split; train=DEV, validation=VAL, holdout=HOLDOUT; GT_BASIS=generation_intent"
IMG_007638,holdout,POV_PARKING_B1_P04_ANGLED_FOOTPRINT_OUTSIDE,"parking_order_violation v1.1 group-level frozen split; train=DEV, validation=VAL, holdout=HOLDOUT; GT_BASIS=generation_intent"
IMG_007639,holdout,POV_PARKING_B1_P04_ANGLED_FOOTPRINT_OUTSIDE,"parking_order_violation v1.1 group-level frozen split; train=DEV, validation=VAL, holdout=HOLDOUT; GT_BASIS=generation_intent"
IMG_007640,holdout,POV_PARKING_B1_P04_ANGLED_FOOTPRINT_OUTSIDE,"parking_order_violation v1.1 group-level frozen split; train=DEV, validation=VAL, holdout=HOLDOUT; GT_BASIS=generation_intent"
IMG_007641,holdout,POV_PARKING_B1_P04_ANGLED_FOOTPRINT_OUTSIDE,"parking_order_violation v1.1 group-level frozen split; train=DEV, validation=VAL, holdout=HOLDOUT; GT_BASIS=generation_intent"
IMG_007642,holdout,POV_PARKING_B1_P04_ANGLED_FOOTPRINT_OUTSIDE,"parking_order_violation v1.1 group-level frozen split; train=DEV, validation=VAL, holdout=HOLDOUT; GT_BASIS=generation_intent"
IMG_007643,holdout,POV_PARKING_B1_P04_ANGLED_FOOTPRINT_OUTSIDE,"parking_order_violation v1.1 group-level frozen split; train=DEV, validation=VAL, holdout=HOLDOUT; GT_BASIS=generation_intent"
IMG_007644,holdout,POV_PARKING_B1_P04_ANGLED_FOOTPRINT_OUTSIDE,"parking_order_violation v1.1 group-level frozen split; train=DEV, validation=VAL, holdout=HOLDOUT; GT_BASIS=generation_intent"
IMG_007645,holdout,POV_PARKING_B1_P04_ANGLED_FOOTPRINT_OUTSIDE,"parking_order_violation v1.1 group-level frozen split; train=DEV, validation=VAL, holdout=HOLDOUT; GT_BASIS=generation_intent"
IMG_007646,holdout,POV_PARKING_B1_P04_ANGLED_FOOTPRINT_OUTSIDE,"parking_order_violation v1.1 group-level frozen split; train=DEV, validation=VAL, holdout=HOLDOUT; GT_BASIS=generation_intent"
IMG_007647,train,POV_PARKING_B1_P05_MULTI_VEHICLE_AT_LEAST_ONE_VIOLATION,"parking_order_violation v1.1 group-level frozen split; train=DEV, validation=VAL, holdout=HOLDOUT; GT_BASIS=generation_intent"
IMG_007648,train,POV_PARKING_B1_P05_MULTI_VEHICLE_AT_LEAST_ONE_VIOLATION,"parking_order_violation v1.1 group-level frozen split; train=DEV, validation=VAL, holdout=HOLDOUT; GT_BASIS=generation_intent"
IMG_007649,train,POV_PARKING_B1_P05_MULTI_VEHICLE_AT_LEAST_ONE_VIOLATION,"parking_order_violation v1.1 group-level frozen split; train=DEV, validation=VAL, holdout=HOLDOUT; GT_BASIS=generation_intent"
IMG_007650,train,POV_PARKING_B1_P05_MULTI_VEHICLE_AT_LEAST_ONE_VIOLATION,"parking_order_violation v1.1 group-level frozen split; train=DEV, validation=VAL, holdout=HOLDOUT; GT_BASIS=generation_intent"
IMG_007651,train,POV_PARKING_B1_P05_MULTI_VEHICLE_AT_LEAST_ONE_VIOLATION,"parking_order_violation v1.1 group-level frozen split; train=DEV, validation=VAL, holdout=HOLDOUT; GT_BASIS=generation_intent"
IMG_007652,train,POV_PARKING_B1_P05_MULTI_VEHICLE_AT_LEAST_ONE_VIOLATION,"parking_order_violation v1.1 group-level frozen split; train=DEV, validation=VAL, holdout=HOLDOUT; GT_BASIS=generation_intent"
IMG_007653,train,POV_PARKING_B1_P05_MULTI_VEHICLE_AT_LEAST_ONE_VIOLATION,"parking_order_violation v1.1 group-level frozen split; train=DEV, validation=VAL, holdout=HOLDOUT; GT_BASIS=generation_intent"
IMG_007654,train,POV_PARKING_B1_P05_MULTI_VEHICLE_AT_LEAST_ONE_VIOLATION,"parking_order_violation v1.1 group-level frozen split; train=DEV, validation=VAL, holdout=HOLDOUT; GT_BASIS=generation_intent"
IMG_007655,train,POV_PARKING_B1_P05_MULTI_VEHICLE_AT_LEAST_ONE_VIOLATION,"parking_order_violation v1.1 group-level frozen split; train=DEV, validation=VAL, holdout=HOLDOUT; GT_BASIS=generation_intent"
IMG_007656,train,POV_PARKING_B1_P05_MULTI_VEHICLE_AT_LEAST_ONE_VIOLATION,"parking_order_violation v1.1 group-level frozen split; train=DEV, validation=VAL, holdout=HOLDOUT; GT_BASIS=generation_intent"
IMG_007657,train,POV_PARKING_B1_P05_MULTI_VEHICLE_AT_LEAST_ONE_VIOLATION,"parking_order_violation v1.1 group-level frozen split; train=DEV, validation=VAL, holdout=HOLDOUT; GT_BASIS=generation_intent"
IMG_007658,train,POV_PARKING_B1_P05_MULTI_VEHICLE_AT_LEAST_ONE_VIOLATION,"parking_order_violation v1.1 group-level frozen split; train=DEV, validation=VAL, holdout=HOLDOUT; GT_BASIS=generation_intent"
IMG_007659,train,POV_PARKING_B1_P05_MULTI_VEHICLE_AT_LEAST_ONE_VIOLATION,"parking_order_violation v1.1 group-level frozen split; train=DEV, validation=VAL, holdout=HOLDOUT; GT_BASIS=generation_intent"
IMG_007660,train,POV_PARKING_B1_P05_MULTI_VEHICLE_AT_LEAST_ONE_VIOLATION,"parking_order_violation v1.1 group-level frozen split; train=DEV, validation=VAL, holdout=HOLDOUT; GT_BASIS=generation_intent"
IMG_007661,train,POV_PARKING_B1_P05_MULTI_VEHICLE_AT_LEAST_ONE_VIOLATION,"parking_order_violation v1.1 group-level frozen split; train=DEV, validation=VAL, holdout=HOLDOUT; GT_BASIS=generation_intent"
IMG_007662,train,POV_PARKING_B1_P05_MULTI_VEHICLE_AT_LEAST_ONE_VIOLATION,"parking_order_violation v1.1 group-level frozen split; train=DEV, validation=VAL, holdout=HOLDOUT; GT_BASIS=generation_intent"
IMG_007663,train,POV_PARKING_B1_P05_MULTI_VEHICLE_AT_LEAST_ONE_VIOLATION,"parking_order_violation v1.1 group-level frozen split; train=DEV, validation=VAL, holdout=HOLDOUT; GT_BASIS=generation_intent"
IMG_007664,train,POV_PARKING_B1_P05_MULTI_VEHICLE_AT_LEAST_ONE_VIOLATION,"parking_order_violation v1.1 group-level frozen split; train=DEV, validation=VAL, holdout=HOLDOUT; GT_BASIS=generation_intent"
IMG_007665,train,POV_PARKING_B1_P05_MULTI_VEHICLE_AT_LEAST_ONE_VIOLATION,"parking_order_violation v1.1 group-level frozen split; train=DEV, validation=VAL, holdout=HOLDOUT; GT_BASIS=generation_intent"
IMG_007666,train,POV_PARKING_B1_P05_MULTI_VEHICLE_AT_LEAST_ONE_VIOLATION,"parking_order_violation v1.1 group-level frozen split; train=DEV, validation=VAL, holdout=HOLDOUT; GT_BASIS=generation_intent"
IMG_007667,holdout,POV_PARKING_B1_P06_NOSE_OR_TAIL_INTRUDES_AISLE,"parking_order_violation v1.1 group-level frozen split; train=DEV, validation=VAL, holdout=HOLDOUT; GT_BASIS=generation_intent"
IMG_007668,holdout,POV_PARKING_B1_P06_NOSE_OR_TAIL_INTRUDES_AISLE,"parking_order_violation v1.1 group-level frozen split; train=DEV, validation=VAL, holdout=HOLDOUT; GT_BASIS=generation_intent"
IMG_007669,holdout,POV_PARKING_B1_P06_NOSE_OR_TAIL_INTRUDES_AISLE,"parking_order_violation v1.1 group-level frozen split; train=DEV, validation=VAL, holdout=HOLDOUT; GT_BASIS=generation_intent"
IMG_007670,holdout,POV_PARKING_B1_P06_NOSE_OR_TAIL_INTRUDES_AISLE,"parking_order_violation v1.1 group-level frozen split; train=DEV, validation=VAL, holdout=HOLDOUT; GT_BASIS=generation_intent"
IMG_007671,holdout,POV_PARKING_B1_P06_NOSE_OR_TAIL_INTRUDES_AISLE,"parking_order_violation v1.1 group-level frozen split; train=DEV, validation=VAL, holdout=HOLDOUT; GT_BASIS=generation_intent"
IMG_007672,holdout,POV_PARKING_B1_P06_NOSE_OR_TAIL_INTRUDES_AISLE,"parking_order_violation v1.1 group-level frozen split; train=DEV, validation=VAL, holdout=HOLDOUT; GT_BASIS=generation_intent"
IMG_007673,holdout,POV_PARKING_B1_P06_NOSE_OR_TAIL_INTRUDES_AISLE,"parking_order_violation v1.1 group-level frozen split; train=DEV, validation=VAL, holdout=HOLDOUT; GT_BASIS=generation_intent"
IMG_007674,holdout,POV_PARKING_B1_P06_NOSE_OR_TAIL_INTRUDES_AISLE,"parking_order_violation v1.1 group-level frozen split; train=DEV, validation=VAL, holdout=HOLDOUT; GT_BASIS=generation_intent"
IMG_007675,holdout,POV_PARKING_B1_P06_NOSE_OR_TAIL_INTRUDES_AISLE,"parking_order_violation v1.1 group-level frozen split; train=DEV, validation=VAL, holdout=HOLDOUT; GT_BASIS=generation_intent"
IMG_007676,holdout,POV_PARKING_B1_P06_NOSE_OR_TAIL_INTRUDES_AISLE,"parking_order_violation v1.1 group-level frozen split; train=DEV, validation=VAL, holdout=HOLDOUT; GT_BASIS=generation_intent"
IMG_007400,train,POV_PARKING_B1_N01_STANDARD_INSIDE_BAY,"parking_order_violation v1.1 group-level frozen split; train=DEV, validation=VAL, holdout=HOLDOUT; GT_BASIS=generation_intent"
IMG_007401,train,POV_PARKING_B1_N01_STANDARD_INSIDE_BAY,"parking_order_violation v1.1 group-level frozen split; train=DEV, validation=VAL, holdout=HOLDOUT; GT_BASIS=generation_intent"
IMG_007402,train,POV_PARKING_B1_N01_STANDARD_INSIDE_BAY,"parking_order_violation v1.1 group-level frozen split; train=DEV, validation=VAL, holdout=HOLDOUT; GT_BASIS=generation_intent"
IMG_007403,train,POV_PARKING_B1_N01_STANDARD_INSIDE_BAY,"parking_order_violation v1.1 group-level frozen split; train=DEV, validation=VAL, holdout=HOLDOUT; GT_BASIS=generation_intent"
IMG_007404,train,POV_PARKING_B1_N01_STANDARD_INSIDE_BAY,"parking_order_violation v1.1 group-level frozen split; train=DEV, validation=VAL, holdout=HOLDOUT; GT_BASIS=generation_intent"
IMG_007405,train,POV_PARKING_B1_N01_STANDARD_INSIDE_BAY,"parking_order_violation v1.1 group-level frozen split; train=DEV, validation=VAL, holdout=HOLDOUT; GT_BASIS=generation_intent"
IMG_007406,train,POV_PARKING_B1_N01_STANDARD_INSIDE_BAY,"parking_order_violation v1.1 group-level frozen split; train=DEV, validation=VAL, holdout=HOLDOUT; GT_BASIS=generation_intent"
IMG_007407,train,POV_PARKING_B1_N01_STANDARD_INSIDE_BAY,"parking_order_violation v1.1 group-level frozen split; train=DEV, validation=VAL, holdout=HOLDOUT; GT_BASIS=generation_intent"
IMG_007408,train,POV_PARKING_B1_N01_STANDARD_INSIDE_BAY,"parking_order_violation v1.1 group-level frozen split; train=DEV, validation=VAL, holdout=HOLDOUT; GT_BASIS=generation_intent"
IMG_007409,train,POV_PARKING_B1_N01_STANDARD_INSIDE_BAY,"parking_order_violation v1.1 group-level frozen split; train=DEV, validation=VAL, holdout=HOLDOUT; GT_BASIS=generation_intent"
IMG_007410,train,POV_PARKING_B1_N01_STANDARD_INSIDE_BAY,"parking_order_violation v1.1 group-level frozen split; train=DEV, validation=VAL, holdout=HOLDOUT; GT_BASIS=generation_intent"
IMG_007411,train,POV_PARKING_B1_N01_STANDARD_INSIDE_BAY,"parking_order_violation v1.1 group-level frozen split; train=DEV, validation=VAL, holdout=HOLDOUT; GT_BASIS=generation_intent"
IMG_007412,train,POV_PARKING_B1_N01_STANDARD_INSIDE_BAY,"parking_order_violation v1.1 group-level frozen split; train=DEV, validation=VAL, holdout=HOLDOUT; GT_BASIS=generation_intent"
IMG_007413,train,POV_PARKING_B1_N01_STANDARD_INSIDE_BAY,"parking_order_violation v1.1 group-level frozen split; train=DEV, validation=VAL, holdout=HOLDOUT; GT_BASIS=generation_intent"
IMG_007414,train,POV_PARKING_B1_N01_STANDARD_INSIDE_BAY,"parking_order_violation v1.1 group-level frozen split; train=DEV, validation=VAL, holdout=HOLDOUT; GT_BASIS=generation_intent"
IMG_007415,train,POV_PARKING_B1_N01_STANDARD_INSIDE_BAY,"parking_order_violation v1.1 group-level frozen split; train=DEV, validation=VAL, holdout=HOLDOUT; GT_BASIS=generation_intent"
IMG_007416,train,POV_PARKING_B1_N01_STANDARD_INSIDE_BAY,"parking_order_violation v1.1 group-level frozen split; train=DEV, validation=VAL, holdout=HOLDOUT; GT_BASIS=generation_intent"
IMG_007417,train,POV_PARKING_B1_N01_STANDARD_INSIDE_BAY,"parking_order_violation v1.1 group-level frozen split; train=DEV, validation=VAL, holdout=HOLDOUT; GT_BASIS=generation_intent"
IMG_007418,train,POV_PARKING_B1_N01_STANDARD_INSIDE_BAY,"parking_order_violation v1.1 group-level frozen split; train=DEV, validation=VAL, holdout=HOLDOUT; GT_BASIS=generation_intent"
IMG_007419,train,POV_PARKING_B1_N01_STANDARD_INSIDE_BAY,"parking_order_violation v1.1 group-level frozen split; train=DEV, validation=VAL, holdout=HOLDOUT; GT_BASIS=generation_intent"
IMG_007420,train,POV_PARKING_B1_N01_STANDARD_INSIDE_BAY,"parking_order_violation v1.1 group-level frozen split; train=DEV, validation=VAL, holdout=HOLDOUT; GT_BASIS=generation_intent"
IMG_007421,train,POV_PARKING_B1_N01_STANDARD_INSIDE_BAY,"parking_order_violation v1.1 group-level frozen split; train=DEV, validation=VAL, holdout=HOLDOUT; GT_BASIS=generation_intent"
IMG_007422,train,POV_PARKING_B1_N01_STANDARD_INSIDE_BAY,"parking_order_violation v1.1 group-level frozen split; train=DEV, validation=VAL, holdout=HOLDOUT; GT_BASIS=generation_intent"
IMG_007423,train,POV_PARKING_B1_N01_STANDARD_INSIDE_BAY,"parking_order_violation v1.1 group-level frozen split; train=DEV, validation=VAL, holdout=HOLDOUT; GT_BASIS=generation_intent"
IMG_007424,train,POV_PARKING_B1_N01_STANDARD_INSIDE_BAY,"parking_order_violation v1.1 group-level frozen split; train=DEV, validation=VAL, holdout=HOLDOUT; GT_BASIS=generation_intent"
IMG_007425,train,POV_PARKING_B1_N01_STANDARD_INSIDE_BAY,"parking_order_violation v1.1 group-level frozen split; train=DEV, validation=VAL, holdout=HOLDOUT; GT_BASIS=generation_intent"
IMG_007426,train,POV_PARKING_B1_N01_STANDARD_INSIDE_BAY,"parking_order_violation v1.1 group-level frozen split; train=DEV, validation=VAL, holdout=HOLDOUT; GT_BASIS=generation_intent"
IMG_007427,train,POV_PARKING_B1_N01_STANDARD_INSIDE_BAY,"parking_order_violation v1.1 group-level frozen split; train=DEV, validation=VAL, holdout=HOLDOUT; GT_BASIS=generation_intent"
IMG_007428,train,POV_PARKING_B1_N01_STANDARD_INSIDE_BAY,"parking_order_violation v1.1 group-level frozen split; train=DEV, validation=VAL, holdout=HOLDOUT; GT_BASIS=generation_intent"
IMG_007429,train,POV_PARKING_B1_N01_STANDARD_INSIDE_BAY,"parking_order_violation v1.1 group-level frozen split; train=DEV, validation=VAL, holdout=HOLDOUT; GT_BASIS=generation_intent"
IMG_007430,train,POV_PARKING_B1_N02_CLOSE_TO_LINE_BUT_INSIDE,"parking_order_violation v1.1 group-level frozen split; train=DEV, validation=VAL, holdout=HOLDOUT; GT_BASIS=generation_intent"
IMG_007431,train,POV_PARKING_B1_N02_CLOSE_TO_LINE_BUT_INSIDE,"parking_order_violation v1.1 group-level frozen split; train=DEV, validation=VAL, holdout=HOLDOUT; GT_BASIS=generation_intent"
IMG_007432,train,POV_PARKING_B1_N02_CLOSE_TO_LINE_BUT_INSIDE,"parking_order_violation v1.1 group-level frozen split; train=DEV, validation=VAL, holdout=HOLDOUT; GT_BASIS=generation_intent"
IMG_007433,train,POV_PARKING_B1_N02_CLOSE_TO_LINE_BUT_INSIDE,"parking_order_violation v1.1 group-level frozen split; train=DEV, validation=VAL, holdout=HOLDOUT; GT_BASIS=generation_intent"
IMG_007434,train,POV_PARKING_B1_N02_CLOSE_TO_LINE_BUT_INSIDE,"parking_order_violation v1.1 group-level frozen split; train=DEV, validation=VAL, holdout=HOLDOUT; GT_BASIS=generation_intent"
IMG_007435,train,POV_PARKING_B1_N02_CLOSE_TO_LINE_BUT_INSIDE,"parking_order_violation v1.1 group-level frozen split; train=DEV, validation=VAL, holdout=HOLDOUT; GT_BASIS=generation_intent"
IMG_007436,train,POV_PARKING_B1_N02_CLOSE_TO_LINE_BUT_INSIDE,"parking_order_violation v1.1 group-level frozen split; train=DEV, validation=VAL, holdout=HOLDOUT; GT_BASIS=generation_intent"
IMG_007437,train,POV_PARKING_B1_N02_CLOSE_TO_LINE_BUT_INSIDE,"parking_order_violation v1.1 group-level frozen split; train=DEV, validation=VAL, holdout=HOLDOUT; GT_BASIS=generation_intent"
IMG_007438,train,POV_PARKING_B1_N02_CLOSE_TO_LINE_BUT_INSIDE,"parking_order_violation v1.1 group-level frozen split; train=DEV, validation=VAL, holdout=HOLDOUT; GT_BASIS=generation_intent"
IMG_007439,train,POV_PARKING_B1_N02_CLOSE_TO_LINE_BUT_INSIDE,"parking_order_violation v1.1 group-level frozen split; train=DEV, validation=VAL, holdout=HOLDOUT; GT_BASIS=generation_intent"
IMG_007440,train,POV_PARKING_B1_N02_CLOSE_TO_LINE_BUT_INSIDE,"parking_order_violation v1.1 group-level frozen split; train=DEV, validation=VAL, holdout=HOLDOUT; GT_BASIS=generation_intent"
IMG_007441,train,POV_PARKING_B1_N02_CLOSE_TO_LINE_BUT_INSIDE,"parking_order_violation v1.1 group-level frozen split; train=DEV, validation=VAL, holdout=HOLDOUT; GT_BASIS=generation_intent"
IMG_007442,train,POV_PARKING_B1_N02_CLOSE_TO_LINE_BUT_INSIDE,"parking_order_violation v1.1 group-level frozen split; train=DEV, validation=VAL, holdout=HOLDOUT; GT_BASIS=generation_intent"
IMG_007443,train,POV_PARKING_B1_N02_CLOSE_TO_LINE_BUT_INSIDE,"parking_order_violation v1.1 group-level frozen split; train=DEV, validation=VAL, holdout=HOLDOUT; GT_BASIS=generation_intent"
IMG_007444,train,POV_PARKING_B1_N02_CLOSE_TO_LINE_BUT_INSIDE,"parking_order_violation v1.1 group-level frozen split; train=DEV, validation=VAL, holdout=HOLDOUT; GT_BASIS=generation_intent"
IMG_007445,train,POV_PARKING_B1_N02_CLOSE_TO_LINE_BUT_INSIDE,"parking_order_violation v1.1 group-level frozen split; train=DEV, validation=VAL, holdout=HOLDOUT; GT_BASIS=generation_intent"
IMG_007446,train,POV_PARKING_B1_N02_CLOSE_TO_LINE_BUT_INSIDE,"parking_order_violation v1.1 group-level frozen split; train=DEV, validation=VAL, holdout=HOLDOUT; GT_BASIS=generation_intent"
IMG_007447,train,POV_PARKING_B1_N02_CLOSE_TO_LINE_BUT_INSIDE,"parking_order_violation v1.1 group-level frozen split; train=DEV, validation=VAL, holdout=HOLDOUT; GT_BASIS=generation_intent"
IMG_007448,train,POV_PARKING_B1_N02_CLOSE_TO_LINE_BUT_INSIDE,"parking_order_violation v1.1 group-level frozen split; train=DEV, validation=VAL, holdout=HOLDOUT; GT_BASIS=generation_intent"
IMG_007449,train,POV_PARKING_B1_N02_CLOSE_TO_LINE_BUT_INSIDE,"parking_order_violation v1.1 group-level frozen split; train=DEV, validation=VAL, holdout=HOLDOUT; GT_BASIS=generation_intent"
IMG_007450,train,POV_PARKING_B1_N02_CLOSE_TO_LINE_BUT_INSIDE,"parking_order_violation v1.1 group-level frozen split; train=DEV, validation=VAL, holdout=HOLDOUT; GT_BASIS=generation_intent"
IMG_007451,train,POV_PARKING_B1_N02_CLOSE_TO_LINE_BUT_INSIDE,"parking_order_violation v1.1 group-level frozen split; train=DEV, validation=VAL, holdout=HOLDOUT; GT_BASIS=generation_intent"
IMG_007452,train,POV_PARKING_B1_N02_CLOSE_TO_LINE_BUT_INSIDE,"parking_order_violation v1.1 group-level frozen split; train=DEV, validation=VAL, holdout=HOLDOUT; GT_BASIS=generation_intent"
IMG_007453,train,POV_PARKING_B1_N02_CLOSE_TO_LINE_BUT_INSIDE,"parking_order_violation v1.1 group-level frozen split; train=DEV, validation=VAL, holdout=HOLDOUT; GT_BASIS=generation_intent"
IMG_007454,train,POV_PARKING_B1_N02_CLOSE_TO_LINE_BUT_INSIDE,"parking_order_violation v1.1 group-level frozen split; train=DEV, validation=VAL, holdout=HOLDOUT; GT_BASIS=generation_intent"
IMG_007455,holdout,POV_PARKING_B1_N03_DIAGONAL_BAY_CORRECT,"parking_order_violation v1.1 group-level frozen split; train=DEV, validation=VAL, holdout=HOLDOUT; GT_BASIS=generation_intent"
IMG_007456,holdout,POV_PARKING_B1_N03_DIAGONAL_BAY_CORRECT,"parking_order_violation v1.1 group-level frozen split; train=DEV, validation=VAL, holdout=HOLDOUT; GT_BASIS=generation_intent"
IMG_007457,holdout,POV_PARKING_B1_N03_DIAGONAL_BAY_CORRECT,"parking_order_violation v1.1 group-level frozen split; train=DEV, validation=VAL, holdout=HOLDOUT; GT_BASIS=generation_intent"
IMG_007458,holdout,POV_PARKING_B1_N03_DIAGONAL_BAY_CORRECT,"parking_order_violation v1.1 group-level frozen split; train=DEV, validation=VAL, holdout=HOLDOUT; GT_BASIS=generation_intent"
IMG_007459,holdout,POV_PARKING_B1_N03_DIAGONAL_BAY_CORRECT,"parking_order_violation v1.1 group-level frozen split; train=DEV, validation=VAL, holdout=HOLDOUT; GT_BASIS=generation_intent"
IMG_007460,holdout,POV_PARKING_B1_N03_DIAGONAL_BAY_CORRECT,"parking_order_violation v1.1 group-level frozen split; train=DEV, validation=VAL, holdout=HOLDOUT; GT_BASIS=generation_intent"
IMG_007461,holdout,POV_PARKING_B1_N03_DIAGONAL_BAY_CORRECT,"parking_order_violation v1.1 group-level frozen split; train=DEV, validation=VAL, holdout=HOLDOUT; GT_BASIS=generation_intent"
IMG_007462,holdout,POV_PARKING_B1_N03_DIAGONAL_BAY_CORRECT,"parking_order_violation v1.1 group-level frozen split; train=DEV, validation=VAL, holdout=HOLDOUT; GT_BASIS=generation_intent"
IMG_007463,holdout,POV_PARKING_B1_N03_DIAGONAL_BAY_CORRECT,"parking_order_violation v1.1 group-level frozen split; train=DEV, validation=VAL, holdout=HOLDOUT; GT_BASIS=generation_intent"
IMG_007464,holdout,POV_PARKING_B1_N03_DIAGONAL_BAY_CORRECT,"parking_order_violation v1.1 group-level frozen split; train=DEV, validation=VAL, holdout=HOLDOUT; GT_BASIS=generation_intent"
IMG_007465,holdout,POV_PARKING_B1_N03_DIAGONAL_BAY_CORRECT,"parking_order_violation v1.1 group-level frozen split; train=DEV, validation=VAL, holdout=HOLDOUT; GT_BASIS=generation_intent"
IMG_007466,holdout,POV_PARKING_B1_N03_DIAGONAL_BAY_CORRECT,"parking_order_violation v1.1 group-level frozen split; train=DEV, validation=VAL, holdout=HOLDOUT; GT_BASIS=generation_intent"
IMG_007467,holdout,POV_PARKING_B1_N03_DIAGONAL_BAY_CORRECT,"parking_order_violation v1.1 group-level frozen split; train=DEV, validation=VAL, holdout=HOLDOUT; GT_BASIS=generation_intent"
IMG_007468,holdout,POV_PARKING_B1_N03_DIAGONAL_BAY_CORRECT,"parking_order_violation v1.1 group-level frozen split; train=DEV, validation=VAL, holdout=HOLDOUT; GT_BASIS=generation_intent"
IMG_007469,holdout,POV_PARKING_B1_N03_DIAGONAL_BAY_CORRECT,"parking_order_violation v1.1 group-level frozen split; train=DEV, validation=VAL, holdout=HOLDOUT; GT_BASIS=generation_intent"
IMG_007470,train,POV_PARKING_B1_N04_PARALLEL_BAY_CORRECT,"parking_order_violation v1.1 group-level frozen split; train=DEV, validation=VAL, holdout=HOLDOUT; GT_BASIS=generation_intent"
IMG_007471,train,POV_PARKING_B1_N04_PARALLEL_BAY_CORRECT,"parking_order_violation v1.1 group-level frozen split; train=DEV, validation=VAL, holdout=HOLDOUT; GT_BASIS=generation_intent"
IMG_007472,train,POV_PARKING_B1_N04_PARALLEL_BAY_CORRECT,"parking_order_violation v1.1 group-level frozen split; train=DEV, validation=VAL, holdout=HOLDOUT; GT_BASIS=generation_intent"
IMG_007473,train,POV_PARKING_B1_N04_PARALLEL_BAY_CORRECT,"parking_order_violation v1.1 group-level frozen split; train=DEV, validation=VAL, holdout=HOLDOUT; GT_BASIS=generation_intent"
IMG_007474,train,POV_PARKING_B1_N04_PARALLEL_BAY_CORRECT,"parking_order_violation v1.1 group-level frozen split; train=DEV, validation=VAL, holdout=HOLDOUT; GT_BASIS=generation_intent"
IMG_007475,train,POV_PARKING_B1_N04_PARALLEL_BAY_CORRECT,"parking_order_violation v1.1 group-level frozen split; train=DEV, validation=VAL, holdout=HOLDOUT; GT_BASIS=generation_intent"
IMG_007476,train,POV_PARKING_B1_N04_PARALLEL_BAY_CORRECT,"parking_order_violation v1.1 group-level frozen split; train=DEV, validation=VAL, holdout=HOLDOUT; GT_BASIS=generation_intent"
IMG_007477,train,POV_PARKING_B1_N04_PARALLEL_BAY_CORRECT,"parking_order_violation v1.1 group-level frozen split; train=DEV, validation=VAL, holdout=HOLDOUT; GT_BASIS=generation_intent"
IMG_007478,train,POV_PARKING_B1_N04_PARALLEL_BAY_CORRECT,"parking_order_violation v1.1 group-level frozen split; train=DEV, validation=VAL, holdout=HOLDOUT; GT_BASIS=generation_intent"
IMG_007479,train,POV_PARKING_B1_N04_PARALLEL_BAY_CORRECT,"parking_order_violation v1.1 group-level frozen split; train=DEV, validation=VAL, holdout=HOLDOUT; GT_BASIS=generation_intent"
IMG_007480,train,POV_PARKING_B1_N04_PARALLEL_BAY_CORRECT,"parking_order_violation v1.1 group-level frozen split; train=DEV, validation=VAL, holdout=HOLDOUT; GT_BASIS=generation_intent"
IMG_007481,train,POV_PARKING_B1_N04_PARALLEL_BAY_CORRECT,"parking_order_violation v1.1 group-level frozen split; train=DEV, validation=VAL, holdout=HOLDOUT; GT_BASIS=generation_intent"
IMG_007482,train,POV_PARKING_B1_N04_PARALLEL_BAY_CORRECT,"parking_order_violation v1.1 group-level frozen split; train=DEV, validation=VAL, holdout=HOLDOUT; GT_BASIS=generation_intent"
IMG_007483,train,POV_PARKING_B1_N04_PARALLEL_BAY_CORRECT,"parking_order_violation v1.1 group-level frozen split; train=DEV, validation=VAL, holdout=HOLDOUT; GT_BASIS=generation_intent"
IMG_007484,train,POV_PARKING_B1_N04_PARALLEL_BAY_CORRECT,"parking_order_violation v1.1 group-level frozen split; train=DEV, validation=VAL, holdout=HOLDOUT; GT_BASIS=generation_intent"
IMG_007485,holdout,POV_PARKING_B1_N05_MULTIPLE_ALL_CORRECT,"parking_order_violation v1.1 group-level frozen split; train=DEV, validation=VAL, holdout=HOLDOUT; GT_BASIS=generation_intent"
IMG_007486,holdout,POV_PARKING_B1_N05_MULTIPLE_ALL_CORRECT,"parking_order_violation v1.1 group-level frozen split; train=DEV, validation=VAL, holdout=HOLDOUT; GT_BASIS=generation_intent"
IMG_007487,holdout,POV_PARKING_B1_N05_MULTIPLE_ALL_CORRECT,"parking_order_violation v1.1 group-level frozen split; train=DEV, validation=VAL, holdout=HOLDOUT; GT_BASIS=generation_intent"
IMG_007488,holdout,POV_PARKING_B1_N05_MULTIPLE_ALL_CORRECT,"parking_order_violation v1.1 group-level frozen split; train=DEV, validation=VAL, holdout=HOLDOUT; GT_BASIS=generation_intent"
IMG_007489,holdout,POV_PARKING_B1_N05_MULTIPLE_ALL_CORRECT,"parking_order_violation v1.1 group-level frozen split; train=DEV, validation=VAL, holdout=HOLDOUT; GT_BASIS=generation_intent"
IMG_007490,holdout,POV_PARKING_B1_N05_MULTIPLE_ALL_CORRECT,"parking_order_violation v1.1 group-level frozen split; train=DEV, validation=VAL, holdout=HOLDOUT; GT_BASIS=generation_intent"
IMG_007491,holdout,POV_PARKING_B1_N05_MULTIPLE_ALL_CORRECT,"parking_order_violation v1.1 group-level frozen split; train=DEV, validation=VAL, holdout=HOLDOUT; GT_BASIS=generation_intent"
IMG_007492,holdout,POV_PARKING_B1_N05_MULTIPLE_ALL_CORRECT,"parking_order_violation v1.1 group-level frozen split; train=DEV, validation=VAL, holdout=HOLDOUT; GT_BASIS=generation_intent"
IMG_007493,holdout,POV_PARKING_B1_N05_MULTIPLE_ALL_CORRECT,"parking_order_violation v1.1 group-level frozen split; train=DEV, validation=VAL, holdout=HOLDOUT; GT_BASIS=generation_intent"
IMG_007494,holdout,POV_PARKING_B1_N05_MULTIPLE_ALL_CORRECT,"parking_order_violation v1.1 group-level frozen split; train=DEV, validation=VAL, holdout=HOLDOUT; GT_BASIS=generation_intent"
IMG_007495,holdout,POV_PARKING_B1_N05_MULTIPLE_ALL_CORRECT,"parking_order_violation v1.1 group-level frozen split; train=DEV, validation=VAL, holdout=HOLDOUT; GT_BASIS=generation_intent"
IMG_007496,holdout,POV_PARKING_B1_N05_MULTIPLE_ALL_CORRECT,"parking_order_violation v1.1 group-level frozen split; train=DEV, validation=VAL, holdout=HOLDOUT; GT_BASIS=generation_intent"
IMG_007497,holdout,POV_PARKING_B1_N05_MULTIPLE_ALL_CORRECT,"parking_order_violation v1.1 group-level frozen split; train=DEV, validation=VAL, holdout=HOLDOUT; GT_BASIS=generation_intent"
IMG_007498,holdout,POV_PARKING_B1_N05_MULTIPLE_ALL_CORRECT,"parking_order_violation v1.1 group-level frozen split; train=DEV, validation=VAL, holdout=HOLDOUT; GT_BASIS=generation_intent"
IMG_007499,holdout,POV_PARKING_B1_N05_MULTIPLE_ALL_CORRECT,"parking_order_violation v1.1 group-level frozen split; train=DEV, validation=VAL, holdout=HOLDOUT; GT_BASIS=generation_intent"
IMG_007500,validation,POV_PARKING_B1_N06_SPECIAL_MARKED_SPACE_GEOMETRY_CORRECT,"parking_order_violation v1.1 group-level frozen split; train=DEV, validation=VAL, holdout=HOLDOUT; GT_BASIS=generation_intent"
IMG_007501,validation,POV_PARKING_B1_N06_SPECIAL_MARKED_SPACE_GEOMETRY_CORRECT,"parking_order_violation v1.1 group-level frozen split; train=DEV, validation=VAL, holdout=HOLDOUT; GT_BASIS=generation_intent"
IMG_007502,validation,POV_PARKING_B1_N06_SPECIAL_MARKED_SPACE_GEOMETRY_CORRECT,"parking_order_violation v1.1 group-level frozen split; train=DEV, validation=VAL, holdout=HOLDOUT; GT_BASIS=generation_intent"
IMG_007503,validation,POV_PARKING_B1_N06_SPECIAL_MARKED_SPACE_GEOMETRY_CORRECT,"parking_order_violation v1.1 group-level frozen split; train=DEV, validation=VAL, holdout=HOLDOUT; GT_BASIS=generation_intent"
IMG_007504,validation,POV_PARKING_B1_N06_SPECIAL_MARKED_SPACE_GEOMETRY_CORRECT,"parking_order_violation v1.1 group-level frozen split; train=DEV, validation=VAL, holdout=HOLDOUT; GT_BASIS=generation_intent"
IMG_007505,validation,POV_PARKING_B1_N06_SPECIAL_MARKED_SPACE_GEOMETRY_CORRECT,"parking_order_violation v1.1 group-level frozen split; train=DEV, validation=VAL, holdout=HOLDOUT; GT_BASIS=generation_intent"
IMG_007506,validation,POV_PARKING_B1_N06_SPECIAL_MARKED_SPACE_GEOMETRY_CORRECT,"parking_order_violation v1.1 group-level frozen split; train=DEV, validation=VAL, holdout=HOLDOUT; GT_BASIS=generation_intent"
IMG_007507,validation,POV_PARKING_B1_N06_SPECIAL_MARKED_SPACE_GEOMETRY_CORRECT,"parking_order_violation v1.1 group-level frozen split; train=DEV, validation=VAL, holdout=HOLDOUT; GT_BASIS=generation_intent"
IMG_007508,validation,POV_PARKING_B1_N06_SPECIAL_MARKED_SPACE_GEOMETRY_CORRECT,"parking_order_violation v1.1 group-level frozen split; train=DEV, validation=VAL, holdout=HOLDOUT; GT_BASIS=generation_intent"
IMG_007509,validation,POV_PARKING_B1_N06_SPECIAL_MARKED_SPACE_GEOMETRY_CORRECT,"parking_order_violation v1.1 group-level frozen split; train=DEV, validation=VAL, holdout=HOLDOUT; GT_BASIS=generation_intent"
IMG_007510,validation,POV_PARKING_B1_N06_SPECIAL_MARKED_SPACE_GEOMETRY_CORRECT,"parking_order_violation v1.1 group-level frozen split; train=DEV, validation=VAL, holdout=HOLDOUT; GT_BASIS=generation_intent"
IMG_007511,validation,POV_PARKING_B1_N06_SPECIAL_MARKED_SPACE_GEOMETRY_CORRECT,"parking_order_violation v1.1 group-level frozen split; train=DEV, validation=VAL, holdout=HOLDOUT; GT_BASIS=generation_intent"
IMG_007512,validation,POV_PARKING_B1_N06_SPECIAL_MARKED_SPACE_GEOMETRY_CORRECT,"parking_order_violation v1.1 group-level frozen split; train=DEV, validation=VAL, holdout=HOLDOUT; GT_BASIS=generation_intent"
IMG_007513,validation,POV_PARKING_B1_N06_SPECIAL_MARKED_SPACE_GEOMETRY_CORRECT,"parking_order_violation v1.1 group-level frozen split; train=DEV, validation=VAL, holdout=HOLDOUT; GT_BASIS=generation_intent"
IMG_007514,validation,POV_PARKING_B1_N06_SPECIAL_MARKED_SPACE_GEOMETRY_CORRECT,"parking_order_violation v1.1 group-level frozen split; train=DEV, validation=VAL, holdout=HOLDOUT; GT_BASIS=generation_intent"
IMG_007515,validation,POV_PARKING_B1_N06_SPECIAL_MARKED_SPACE_GEOMETRY_CORRECT,"parking_order_violation v1.1 group-level frozen split; train=DEV, validation=VAL, holdout=HOLDOUT; GT_BASIS=generation_intent"
IMG_007516,validation,POV_PARKING_B1_N06_SPECIAL_MARKED_SPACE_GEOMETRY_CORRECT,"parking_order_violation v1.1 group-level frozen split; train=DEV, validation=VAL, holdout=HOLDOUT; GT_BASIS=generation_intent"
IMG_007517,validation,POV_PARKING_B1_N06_SPECIAL_MARKED_SPACE_GEOMETRY_CORRECT,"parking_order_violation v1.1 group-level frozen split; train=DEV, validation=VAL, holdout=HOLDOUT; GT_BASIS=generation_intent"
IMG_007518,validation,POV_PARKING_B1_N06_SPECIAL_MARKED_SPACE_GEOMETRY_CORRECT,"parking_order_violation v1.1 group-level frozen split; train=DEV, validation=VAL, holdout=HOLDOUT; GT_BASIS=generation_intent"
IMG_007519,validation,POV_PARKING_B1_N06_SPECIAL_MARKED_SPACE_GEOMETRY_CORRECT,"parking_order_violation v1.1 group-level frozen split; train=DEV, validation=VAL, holdout=HOLDOUT; GT_BASIS=generation_intent"
IMG_007320,train,POV_PARKING_B1_HN01_GATE_QUEUE,"parking_order_violation v1.1 group-level frozen split; train=DEV, validation=VAL, holdout=HOLDOUT; GT_BASIS=generation_intent"
IMG_007321,train,POV_PARKING_B1_HN01_GATE_QUEUE,"parking_order_violation v1.1 group-level frozen split; train=DEV, validation=VAL, holdout=HOLDOUT; GT_BASIS=generation_intent"
IMG_007322,train,POV_PARKING_B1_HN01_GATE_QUEUE,"parking_order_violation v1.1 group-level frozen split; train=DEV, validation=VAL, holdout=HOLDOUT; GT_BASIS=generation_intent"
IMG_007323,train,POV_PARKING_B1_HN01_GATE_QUEUE,"parking_order_violation v1.1 group-level frozen split; train=DEV, validation=VAL, holdout=HOLDOUT; GT_BASIS=generation_intent"
IMG_007324,train,POV_PARKING_B1_HN01_GATE_QUEUE,"parking_order_violation v1.1 group-level frozen split; train=DEV, validation=VAL, holdout=HOLDOUT; GT_BASIS=generation_intent"
IMG_007325,train,POV_PARKING_B1_HN01_GATE_QUEUE,"parking_order_violation v1.1 group-level frozen split; train=DEV, validation=VAL, holdout=HOLDOUT; GT_BASIS=generation_intent"
IMG_007326,train,POV_PARKING_B1_HN01_GATE_QUEUE,"parking_order_violation v1.1 group-level frozen split; train=DEV, validation=VAL, holdout=HOLDOUT; GT_BASIS=generation_intent"
IMG_007327,train,POV_PARKING_B1_HN01_GATE_QUEUE,"parking_order_violation v1.1 group-level frozen split; train=DEV, validation=VAL, holdout=HOLDOUT; GT_BASIS=generation_intent"
IMG_007328,train,POV_PARKING_B1_HN01_GATE_QUEUE,"parking_order_violation v1.1 group-level frozen split; train=DEV, validation=VAL, holdout=HOLDOUT; GT_BASIS=generation_intent"
IMG_007329,train,POV_PARKING_B1_HN01_GATE_QUEUE,"parking_order_violation v1.1 group-level frozen split; train=DEV, validation=VAL, holdout=HOLDOUT; GT_BASIS=generation_intent"
IMG_007330,train,POV_PARKING_B1_HN01_GATE_QUEUE,"parking_order_violation v1.1 group-level frozen split; train=DEV, validation=VAL, holdout=HOLDOUT; GT_BASIS=generation_intent"
IMG_007331,train,POV_PARKING_B1_HN01_GATE_QUEUE,"parking_order_violation v1.1 group-level frozen split; train=DEV, validation=VAL, holdout=HOLDOUT; GT_BASIS=generation_intent"
IMG_007332,train,POV_PARKING_B1_HN01_GATE_QUEUE,"parking_order_violation v1.1 group-level frozen split; train=DEV, validation=VAL, holdout=HOLDOUT; GT_BASIS=generation_intent"
IMG_007333,train,POV_PARKING_B1_HN01_GATE_QUEUE,"parking_order_violation v1.1 group-level frozen split; train=DEV, validation=VAL, holdout=HOLDOUT; GT_BASIS=generation_intent"
IMG_007334,train,POV_PARKING_B1_HN01_GATE_QUEUE,"parking_order_violation v1.1 group-level frozen split; train=DEV, validation=VAL, holdout=HOLDOUT; GT_BASIS=generation_intent"
IMG_007335,train,POV_PARKING_B1_HN01_GATE_QUEUE,"parking_order_violation v1.1 group-level frozen split; train=DEV, validation=VAL, holdout=HOLDOUT; GT_BASIS=generation_intent"
IMG_007336,train,POV_PARKING_B1_HN01_GATE_QUEUE,"parking_order_violation v1.1 group-level frozen split; train=DEV, validation=VAL, holdout=HOLDOUT; GT_BASIS=generation_intent"
IMG_007337,train,POV_PARKING_B1_HN01_GATE_QUEUE,"parking_order_violation v1.1 group-level frozen split; train=DEV, validation=VAL, holdout=HOLDOUT; GT_BASIS=generation_intent"
IMG_007338,train,POV_PARKING_B1_HN01_GATE_QUEUE,"parking_order_violation v1.1 group-level frozen split; train=DEV, validation=VAL, holdout=HOLDOUT; GT_BASIS=generation_intent"
IMG_007339,train,POV_PARKING_B1_HN01_GATE_QUEUE,"parking_order_violation v1.1 group-level frozen split; train=DEV, validation=VAL, holdout=HOLDOUT; GT_BASIS=generation_intent"
IMG_007340,train,POV_PARKING_B1_HN01_GATE_QUEUE,"parking_order_violation v1.1 group-level frozen split; train=DEV, validation=VAL, holdout=HOLDOUT; GT_BASIS=generation_intent"
IMG_007341,train,POV_PARKING_B1_HN01_GATE_QUEUE,"parking_order_violation v1.1 group-level frozen split; train=DEV, validation=VAL, holdout=HOLDOUT; GT_BASIS=generation_intent"
IMG_007342,train,POV_PARKING_B1_HN01_GATE_QUEUE,"parking_order_violation v1.1 group-level frozen split; train=DEV, validation=VAL, holdout=HOLDOUT; GT_BASIS=generation_intent"
IMG_007343,train,POV_PARKING_B1_HN01_GATE_QUEUE,"parking_order_violation v1.1 group-level frozen split; train=DEV, validation=VAL, holdout=HOLDOUT; GT_BASIS=generation_intent"
IMG_007344,train,POV_PARKING_B1_HN01_GATE_QUEUE,"parking_order_violation v1.1 group-level frozen split; train=DEV, validation=VAL, holdout=HOLDOUT; GT_BASIS=generation_intent"
IMG_007345,train,POV_PARKING_B1_HN01_GATE_QUEUE,"parking_order_violation v1.1 group-level frozen split; train=DEV, validation=VAL, holdout=HOLDOUT; GT_BASIS=generation_intent"
IMG_007346,train,POV_PARKING_B1_HN01_GATE_QUEUE,"parking_order_violation v1.1 group-level frozen split; train=DEV, validation=VAL, holdout=HOLDOUT; GT_BASIS=generation_intent"
IMG_007347,train,POV_PARKING_B1_HN01_GATE_QUEUE,"parking_order_violation v1.1 group-level frozen split; train=DEV, validation=VAL, holdout=HOLDOUT; GT_BASIS=generation_intent"
IMG_007348,train,POV_PARKING_B1_HN01_GATE_QUEUE,"parking_order_violation v1.1 group-level frozen split; train=DEV, validation=VAL, holdout=HOLDOUT; GT_BASIS=generation_intent"
IMG_007349,train,POV_PARKING_B1_HN01_GATE_QUEUE,"parking_order_violation v1.1 group-level frozen split; train=DEV, validation=VAL, holdout=HOLDOUT; GT_BASIS=generation_intent"
IMG_007350,validation,POV_PARKING_B1_HN02_FADED_LINES_BUT_CONFIRMABLY_INSIDE,"parking_order_violation v1.1 group-level frozen split; train=DEV, validation=VAL, holdout=HOLDOUT; GT_BASIS=generation_intent"
IMG_007351,validation,POV_PARKING_B1_HN02_FADED_LINES_BUT_CONFIRMABLY_INSIDE,"parking_order_violation v1.1 group-level frozen split; train=DEV, validation=VAL, holdout=HOLDOUT; GT_BASIS=generation_intent"
IMG_007352,validation,POV_PARKING_B1_HN02_FADED_LINES_BUT_CONFIRMABLY_INSIDE,"parking_order_violation v1.1 group-level frozen split; train=DEV, validation=VAL, holdout=HOLDOUT; GT_BASIS=generation_intent"
IMG_007353,validation,POV_PARKING_B1_HN02_FADED_LINES_BUT_CONFIRMABLY_INSIDE,"parking_order_violation v1.1 group-level frozen split; train=DEV, validation=VAL, holdout=HOLDOUT; GT_BASIS=generation_intent"
IMG_007354,validation,POV_PARKING_B1_HN02_FADED_LINES_BUT_CONFIRMABLY_INSIDE,"parking_order_violation v1.1 group-level frozen split; train=DEV, validation=VAL, holdout=HOLDOUT; GT_BASIS=generation_intent"
IMG_007355,validation,POV_PARKING_B1_HN02_FADED_LINES_BUT_CONFIRMABLY_INSIDE,"parking_order_violation v1.1 group-level frozen split; train=DEV, validation=VAL, holdout=HOLDOUT; GT_BASIS=generation_intent"
IMG_007356,validation,POV_PARKING_B1_HN02_FADED_LINES_BUT_CONFIRMABLY_INSIDE,"parking_order_violation v1.1 group-level frozen split; train=DEV, validation=VAL, holdout=HOLDOUT; GT_BASIS=generation_intent"
IMG_007357,validation,POV_PARKING_B1_HN02_FADED_LINES_BUT_CONFIRMABLY_INSIDE,"parking_order_violation v1.1 group-level frozen split; train=DEV, validation=VAL, holdout=HOLDOUT; GT_BASIS=generation_intent"
IMG_007358,validation,POV_PARKING_B1_HN02_FADED_LINES_BUT_CONFIRMABLY_INSIDE,"parking_order_violation v1.1 group-level frozen split; train=DEV, validation=VAL, holdout=HOLDOUT; GT_BASIS=generation_intent"
IMG_007359,validation,POV_PARKING_B1_HN02_FADED_LINES_BUT_CONFIRMABLY_INSIDE,"parking_order_violation v1.1 group-level frozen split; train=DEV, validation=VAL, holdout=HOLDOUT; GT_BASIS=generation_intent"
IMG_007360,holdout,POV_PARKING_B1_HN03_PERSPECTIVE_LOOKS_LIKE_CROSSING,"parking_order_violation v1.1 group-level frozen split; train=DEV, validation=VAL, holdout=HOLDOUT; GT_BASIS=generation_intent"
IMG_007361,holdout,POV_PARKING_B1_HN03_PERSPECTIVE_LOOKS_LIKE_CROSSING,"parking_order_violation v1.1 group-level frozen split; train=DEV, validation=VAL, holdout=HOLDOUT; GT_BASIS=generation_intent"
IMG_007362,holdout,POV_PARKING_B1_HN03_PERSPECTIVE_LOOKS_LIKE_CROSSING,"parking_order_violation v1.1 group-level frozen split; train=DEV, validation=VAL, holdout=HOLDOUT; GT_BASIS=generation_intent"
IMG_007363,holdout,POV_PARKING_B1_HN03_PERSPECTIVE_LOOKS_LIKE_CROSSING,"parking_order_violation v1.1 group-level frozen split; train=DEV, validation=VAL, holdout=HOLDOUT; GT_BASIS=generation_intent"
IMG_007364,holdout,POV_PARKING_B1_HN03_PERSPECTIVE_LOOKS_LIKE_CROSSING,"parking_order_violation v1.1 group-level frozen split; train=DEV, validation=VAL, holdout=HOLDOUT; GT_BASIS=generation_intent"
IMG_007365,holdout,POV_PARKING_B1_HN03_PERSPECTIVE_LOOKS_LIKE_CROSSING,"parking_order_violation v1.1 group-level frozen split; train=DEV, validation=VAL, holdout=HOLDOUT; GT_BASIS=generation_intent"
IMG_007366,holdout,POV_PARKING_B1_HN03_PERSPECTIVE_LOOKS_LIKE_CROSSING,"parking_order_violation v1.1 group-level frozen split; train=DEV, validation=VAL, holdout=HOLDOUT; GT_BASIS=generation_intent"
IMG_007367,holdout,POV_PARKING_B1_HN03_PERSPECTIVE_LOOKS_LIKE_CROSSING,"parking_order_violation v1.1 group-level frozen split; train=DEV, validation=VAL, holdout=HOLDOUT; GT_BASIS=generation_intent"
IMG_007368,holdout,POV_PARKING_B1_HN03_PERSPECTIVE_LOOKS_LIKE_CROSSING,"parking_order_violation v1.1 group-level frozen split; train=DEV, validation=VAL, holdout=HOLDOUT; GT_BASIS=generation_intent"
IMG_007369,holdout,POV_PARKING_B1_HN03_PERSPECTIVE_LOOKS_LIKE_CROSSING,"parking_order_violation v1.1 group-level frozen split; train=DEV, validation=VAL, holdout=HOLDOUT; GT_BASIS=generation_intent"
IMG_007370,train,POV_PARKING_B1_HN04_LARGE_VEHICLE_COMPLIANT,"parking_order_violation v1.1 group-level frozen split; train=DEV, validation=VAL, holdout=HOLDOUT; GT_BASIS=generation_intent"
IMG_007371,train,POV_PARKING_B1_HN04_LARGE_VEHICLE_COMPLIANT,"parking_order_violation v1.1 group-level frozen split; train=DEV, validation=VAL, holdout=HOLDOUT; GT_BASIS=generation_intent"
IMG_007372,train,POV_PARKING_B1_HN04_LARGE_VEHICLE_COMPLIANT,"parking_order_violation v1.1 group-level frozen split; train=DEV, validation=VAL, holdout=HOLDOUT; GT_BASIS=generation_intent"
IMG_007373,train,POV_PARKING_B1_HN04_LARGE_VEHICLE_COMPLIANT,"parking_order_violation v1.1 group-level frozen split; train=DEV, validation=VAL, holdout=HOLDOUT; GT_BASIS=generation_intent"
IMG_007374,train,POV_PARKING_B1_HN04_LARGE_VEHICLE_COMPLIANT,"parking_order_violation v1.1 group-level frozen split; train=DEV, validation=VAL, holdout=HOLDOUT; GT_BASIS=generation_intent"
IMG_007375,train,POV_PARKING_B1_HN04_LARGE_VEHICLE_COMPLIANT,"parking_order_violation v1.1 group-level frozen split; train=DEV, validation=VAL, holdout=HOLDOUT; GT_BASIS=generation_intent"
IMG_007376,train,POV_PARKING_B1_HN04_LARGE_VEHICLE_COMPLIANT,"parking_order_violation v1.1 group-level frozen split; train=DEV, validation=VAL, holdout=HOLDOUT; GT_BASIS=generation_intent"
IMG_007377,train,POV_PARKING_B1_HN04_LARGE_VEHICLE_COMPLIANT,"parking_order_violation v1.1 group-level frozen split; train=DEV, validation=VAL, holdout=HOLDOUT; GT_BASIS=generation_intent"
IMG_007378,train,POV_PARKING_B1_HN04_LARGE_VEHICLE_COMPLIANT,"parking_order_violation v1.1 group-level frozen split; train=DEV, validation=VAL, holdout=HOLDOUT; GT_BASIS=generation_intent"
IMG_007379,train,POV_PARKING_B1_HN04_LARGE_VEHICLE_COMPLIANT,"parking_order_violation v1.1 group-level frozen split; train=DEV, validation=VAL, holdout=HOLDOUT; GT_BASIS=generation_intent"
IMG_007380,validation,POV_PARKING_B1_HN05_ADJACENT_VEHICLE_OCCLUDES_LINES,"parking_order_violation v1.1 group-level frozen split; train=DEV, validation=VAL, holdout=HOLDOUT; GT_BASIS=generation_intent"
IMG_007381,validation,POV_PARKING_B1_HN05_ADJACENT_VEHICLE_OCCLUDES_LINES,"parking_order_violation v1.1 group-level frozen split; train=DEV, validation=VAL, holdout=HOLDOUT; GT_BASIS=generation_intent"
IMG_007382,validation,POV_PARKING_B1_HN05_ADJACENT_VEHICLE_OCCLUDES_LINES,"parking_order_violation v1.1 group-level frozen split; train=DEV, validation=VAL, holdout=HOLDOUT; GT_BASIS=generation_intent"
IMG_007383,validation,POV_PARKING_B1_HN05_ADJACENT_VEHICLE_OCCLUDES_LINES,"parking_order_violation v1.1 group-level frozen split; train=DEV, validation=VAL, holdout=HOLDOUT; GT_BASIS=generation_intent"
IMG_007384,validation,POV_PARKING_B1_HN05_ADJACENT_VEHICLE_OCCLUDES_LINES,"parking_order_violation v1.1 group-level frozen split; train=DEV, validation=VAL, holdout=HOLDOUT; GT_BASIS=generation_intent"
IMG_007385,validation,POV_PARKING_B1_HN05_ADJACENT_VEHICLE_OCCLUDES_LINES,"parking_order_violation v1.1 group-level frozen split; train=DEV, validation=VAL, holdout=HOLDOUT; GT_BASIS=generation_intent"
IMG_007386,validation,POV_PARKING_B1_HN05_ADJACENT_VEHICLE_OCCLUDES_LINES,"parking_order_violation v1.1 group-level frozen split; train=DEV, validation=VAL, holdout=HOLDOUT; GT_BASIS=generation_intent"
IMG_007387,validation,POV_PARKING_B1_HN05_ADJACENT_VEHICLE_OCCLUDES_LINES,"parking_order_violation v1.1 group-level frozen split; train=DEV, validation=VAL, holdout=HOLDOUT; GT_BASIS=generation_intent"
IMG_007388,validation,POV_PARKING_B1_HN05_ADJACENT_VEHICLE_OCCLUDES_LINES,"parking_order_violation v1.1 group-level frozen split; train=DEV, validation=VAL, holdout=HOLDOUT; GT_BASIS=generation_intent"
IMG_007389,validation,POV_PARKING_B1_HN05_ADJACENT_VEHICLE_OCCLUDES_LINES,"parking_order_violation v1.1 group-level frozen split; train=DEV, validation=VAL, holdout=HOLDOUT; GT_BASIS=generation_intent"
IMG_007390,train,POV_PARKING_B1_HN06_SHADOWS_CRACKS_CURBS_MIMIC_LINES,"parking_order_violation v1.1 group-level frozen split; train=DEV, validation=VAL, holdout=HOLDOUT; GT_BASIS=generation_intent"
IMG_007391,train,POV_PARKING_B1_HN06_SHADOWS_CRACKS_CURBS_MIMIC_LINES,"parking_order_violation v1.1 group-level frozen split; train=DEV, validation=VAL, holdout=HOLDOUT; GT_BASIS=generation_intent"
IMG_007392,train,POV_PARKING_B1_HN06_SHADOWS_CRACKS_CURBS_MIMIC_LINES,"parking_order_violation v1.1 group-level frozen split; train=DEV, validation=VAL, holdout=HOLDOUT; GT_BASIS=generation_intent"
IMG_007393,train,POV_PARKING_B1_HN06_SHADOWS_CRACKS_CURBS_MIMIC_LINES,"parking_order_violation v1.1 group-level frozen split; train=DEV, validation=VAL, holdout=HOLDOUT; GT_BASIS=generation_intent"
IMG_007394,train,POV_PARKING_B1_HN06_SHADOWS_CRACKS_CURBS_MIMIC_LINES,"parking_order_violation v1.1 group-level frozen split; train=DEV, validation=VAL, holdout=HOLDOUT; GT_BASIS=generation_intent"
IMG_007395,train,POV_PARKING_B1_HN06_SHADOWS_CRACKS_CURBS_MIMIC_LINES,"parking_order_violation v1.1 group-level frozen split; train=DEV, validation=VAL, holdout=HOLDOUT; GT_BASIS=generation_intent"
IMG_007396,train,POV_PARKING_B1_HN06_SHADOWS_CRACKS_CURBS_MIMIC_LINES,"parking_order_violation v1.1 group-level frozen split; train=DEV, validation=VAL, holdout=HOLDOUT; GT_BASIS=generation_intent"
IMG_007397,train,POV_PARKING_B1_HN06_SHADOWS_CRACKS_CURBS_MIMIC_LINES,"parking_order_violation v1.1 group-level frozen split; train=DEV, validation=VAL, holdout=HOLDOUT; GT_BASIS=generation_intent"
IMG_007398,train,POV_PARKING_B1_HN06_SHADOWS_CRACKS_CURBS_MIMIC_LINES,"parking_order_violation v1.1 group-level frozen split; train=DEV, validation=VAL, holdout=HOLDOUT; GT_BASIS=generation_intent"
IMG_007399,train,POV_PARKING_B1_HN06_SHADOWS_CRACKS_CURBS_MIMIC_LINES,"parking_order_violation v1.1 group-level frozen split; train=DEV, validation=VAL, holdout=HOLDOUT; GT_BASIS=generation_intent"
IMG_007677,train,POV_PARKING_B1_U01_INSUFFICIENT_PARKING_VISUAL_EVIDENCE,"parking_order_violation v1.1 group-level frozen split; train=DEV, validation=VAL, holdout=HOLDOUT; GT_BASIS=generation_intent"
IMG_007678,train,POV_PARKING_B1_U01_INSUFFICIENT_PARKING_VISUAL_EVIDENCE,"parking_order_violation v1.1 group-level frozen split; train=DEV, validation=VAL, holdout=HOLDOUT; GT_BASIS=generation_intent"
IMG_007679,train,POV_PARKING_B1_U01_INSUFFICIENT_PARKING_VISUAL_EVIDENCE,"parking_order_violation v1.1 group-level frozen split; train=DEV, validation=VAL, holdout=HOLDOUT; GT_BASIS=generation_intent"
IMG_007680,train,POV_PARKING_B1_U01_INSUFFICIENT_PARKING_VISUAL_EVIDENCE,"parking_order_violation v1.1 group-level frozen split; train=DEV, validation=VAL, holdout=HOLDOUT; GT_BASIS=generation_intent"
IMG_007681,train,POV_PARKING_B1_U01_INSUFFICIENT_PARKING_VISUAL_EVIDENCE,"parking_order_violation v1.1 group-level frozen split; train=DEV, validation=VAL, holdout=HOLDOUT; GT_BASIS=generation_intent"
IMG_007682,train,POV_PARKING_B1_U01_INSUFFICIENT_PARKING_VISUAL_EVIDENCE,"parking_order_violation v1.1 group-level frozen split; train=DEV, validation=VAL, holdout=HOLDOUT; GT_BASIS=generation_intent"
IMG_007683,train,POV_PARKING_B1_U01_INSUFFICIENT_PARKING_VISUAL_EVIDENCE,"parking_order_violation v1.1 group-level frozen split; train=DEV, validation=VAL, holdout=HOLDOUT; GT_BASIS=generation_intent"
IMG_007684,train,POV_PARKING_B1_U01_INSUFFICIENT_PARKING_VISUAL_EVIDENCE,"parking_order_violation v1.1 group-level frozen split; train=DEV, validation=VAL, holdout=HOLDOUT; GT_BASIS=generation_intent"
IMG_007685,train,POV_PARKING_B1_U01_INSUFFICIENT_PARKING_VISUAL_EVIDENCE,"parking_order_violation v1.1 group-level frozen split; train=DEV, validation=VAL, holdout=HOLDOUT; GT_BASIS=generation_intent"
IMG_007686,train,POV_PARKING_B1_U01_INSUFFICIENT_PARKING_VISUAL_EVIDENCE,"parking_order_violation v1.1 group-level frozen split; train=DEV, validation=VAL, holdout=HOLDOUT; GT_BASIS=generation_intent"
IMG_007687,train,POV_PARKING_B1_U01_INSUFFICIENT_PARKING_VISUAL_EVIDENCE,"parking_order_violation v1.1 group-level frozen split; train=DEV, validation=VAL, holdout=HOLDOUT; GT_BASIS=generation_intent"
IMG_007688,train,POV_PARKING_B1_U01_INSUFFICIENT_PARKING_VISUAL_EVIDENCE,"parking_order_violation v1.1 group-level frozen split; train=DEV, validation=VAL, holdout=HOLDOUT; GT_BASIS=generation_intent"
IMG_007689,train,POV_PARKING_B1_U01_INSUFFICIENT_PARKING_VISUAL_EVIDENCE,"parking_order_violation v1.1 group-level frozen split; train=DEV, validation=VAL, holdout=HOLDOUT; GT_BASIS=generation_intent"
IMG_007690,train,POV_PARKING_B1_U01_INSUFFICIENT_PARKING_VISUAL_EVIDENCE,"parking_order_violation v1.1 group-level frozen split; train=DEV, validation=VAL, holdout=HOLDOUT; GT_BASIS=generation_intent"
IMG_007691,train,POV_PARKING_B1_U01_INSUFFICIENT_PARKING_VISUAL_EVIDENCE,"parking_order_violation v1.1 group-level frozen split; train=DEV, validation=VAL, holdout=HOLDOUT; GT_BASIS=generation_intent"
IMG_007692,validation,POV_PARKING_B1_U02_MARKINGS_SEVERELY_MISSING_OR_OCCLUDED,"parking_order_violation v1.1 group-level frozen split; train=DEV, validation=VAL, holdout=HOLDOUT; GT_BASIS=generation_intent"
IMG_007693,validation,POV_PARKING_B1_U02_MARKINGS_SEVERELY_MISSING_OR_OCCLUDED,"parking_order_violation v1.1 group-level frozen split; train=DEV, validation=VAL, holdout=HOLDOUT; GT_BASIS=generation_intent"
IMG_007694,validation,POV_PARKING_B1_U02_MARKINGS_SEVERELY_MISSING_OR_OCCLUDED,"parking_order_violation v1.1 group-level frozen split; train=DEV, validation=VAL, holdout=HOLDOUT; GT_BASIS=generation_intent"
IMG_007695,validation,POV_PARKING_B1_U02_MARKINGS_SEVERELY_MISSING_OR_OCCLUDED,"parking_order_violation v1.1 group-level frozen split; train=DEV, validation=VAL, holdout=HOLDOUT; GT_BASIS=generation_intent"
IMG_007696,validation,POV_PARKING_B1_U02_MARKINGS_SEVERELY_MISSING_OR_OCCLUDED,"parking_order_violation v1.1 group-level frozen split; train=DEV, validation=VAL, holdout=HOLDOUT; GT_BASIS=generation_intent"
IMG_007697,validation,POV_PARKING_B1_U02_MARKINGS_SEVERELY_MISSING_OR_OCCLUDED,"parking_order_violation v1.1 group-level frozen split; train=DEV, validation=VAL, holdout=HOLDOUT; GT_BASIS=generation_intent"
IMG_007698,validation,POV_PARKING_B1_U02_MARKINGS_SEVERELY_MISSING_OR_OCCLUDED,"parking_order_violation v1.1 group-level frozen split; train=DEV, validation=VAL, holdout=HOLDOUT; GT_BASIS=generation_intent"
IMG_007699,validation,POV_PARKING_B1_U02_MARKINGS_SEVERELY_MISSING_OR_OCCLUDED,"parking_order_violation v1.1 group-level frozen split; train=DEV, validation=VAL, holdout=HOLDOUT; GT_BASIS=generation_intent"
IMG_007700,validation,POV_PARKING_B1_U02_MARKINGS_SEVERELY_MISSING_OR_OCCLUDED,"parking_order_violation v1.1 group-level frozen split; train=DEV, validation=VAL, holdout=HOLDOUT; GT_BASIS=generation_intent"
IMG_007701,validation,POV_PARKING_B1_U02_MARKINGS_SEVERELY_MISSING_OR_OCCLUDED,"parking_order_violation v1.1 group-level frozen split; train=DEV, validation=VAL, holdout=HOLDOUT; GT_BASIS=generation_intent"
IMG_007702,holdout,POV_PARKING_B1_U03_VEHICLE_CUT_BY_FRAME_EDGE,"parking_order_violation v1.1 group-level frozen split; train=DEV, validation=VAL, holdout=HOLDOUT; GT_BASIS=generation_intent"
IMG_007703,holdout,POV_PARKING_B1_U03_VEHICLE_CUT_BY_FRAME_EDGE,"parking_order_violation v1.1 group-level frozen split; train=DEV, validation=VAL, holdout=HOLDOUT; GT_BASIS=generation_intent"
IMG_007704,holdout,POV_PARKING_B1_U03_VEHICLE_CUT_BY_FRAME_EDGE,"parking_order_violation v1.1 group-level frozen split; train=DEV, validation=VAL, holdout=HOLDOUT; GT_BASIS=generation_intent"
IMG_007705,holdout,POV_PARKING_B1_U03_VEHICLE_CUT_BY_FRAME_EDGE,"parking_order_violation v1.1 group-level frozen split; train=DEV, validation=VAL, holdout=HOLDOUT; GT_BASIS=generation_intent"
IMG_007706,holdout,POV_PARKING_B1_U03_VEHICLE_CUT_BY_FRAME_EDGE,"parking_order_violation v1.1 group-level frozen split; train=DEV, validation=VAL, holdout=HOLDOUT; GT_BASIS=generation_intent"
IMG_007707,train,POV_PARKING_B1_U04_NIGHT_OR_BLUR_BOUNDARY_UNREADABLE,"parking_order_violation v1.1 group-level frozen split; train=DEV, validation=VAL, holdout=HOLDOUT; GT_BASIS=generation_intent"
IMG_007708,train,POV_PARKING_B1_U04_NIGHT_OR_BLUR_BOUNDARY_UNREADABLE,"parking_order_violation v1.1 group-level frozen split; train=DEV, validation=VAL, holdout=HOLDOUT; GT_BASIS=generation_intent"
IMG_007709,train,POV_PARKING_B1_U04_NIGHT_OR_BLUR_BOUNDARY_UNREADABLE,"parking_order_violation v1.1 group-level frozen split; train=DEV, validation=VAL, holdout=HOLDOUT; GT_BASIS=generation_intent"
IMG_007710,train,POV_PARKING_B1_U04_NIGHT_OR_BLUR_BOUNDARY_UNREADABLE,"parking_order_violation v1.1 group-level frozen split; train=DEV, validation=VAL, holdout=HOLDOUT; GT_BASIS=generation_intent"
IMG_007711,train,POV_PARKING_B1_U04_NIGHT_OR_BLUR_BOUNDARY_UNREADABLE,"parking_order_violation v1.1 group-level frozen split; train=DEV, validation=VAL, holdout=HOLDOUT; GT_BASIS=generation_intent"
IMG_007712,train,POV_PARKING_B1_U05_GATE_QUEUE_OR_PARKING_AMBIGUOUS,"parking_order_violation v1.1 group-level frozen split; train=DEV, validation=VAL, holdout=HOLDOUT; GT_BASIS=generation_intent"
IMG_007713,train,POV_PARKING_B1_U05_GATE_QUEUE_OR_PARKING_AMBIGUOUS,"parking_order_violation v1.1 group-level frozen split; train=DEV, validation=VAL, holdout=HOLDOUT; GT_BASIS=generation_intent"
IMG_007714,train,POV_PARKING_B1_U05_GATE_QUEUE_OR_PARKING_AMBIGUOUS,"parking_order_violation v1.1 group-level frozen split; train=DEV, validation=VAL, holdout=HOLDOUT; GT_BASIS=generation_intent"
IMG_007715,train,POV_PARKING_B1_U05_GATE_QUEUE_OR_PARKING_AMBIGUOUS,"parking_order_violation v1.1 group-level frozen split; train=DEV, validation=VAL, holdout=HOLDOUT; GT_BASIS=generation_intent"
IMG_007716,train,POV_PARKING_B1_U05_GATE_QUEUE_OR_PARKING_AMBIGUOUS,"parking_order_violation v1.1 group-level frozen split; train=DEV, validation=VAL, holdout=HOLDOUT; GT_BASIS=generation_intent"
